0,root
C00001,0.01731728
C00002,0.057189256
C00003,0.011607775
C00004,0.015563451
C00005,-0.0034695242
C00006,0.0630256
C00007,-0.016720481
C00008,-0.061655402
C00009,-0.0018900795
C00010,0.0007704386
C00011,0.028136998
C00012,0.078360364
C00013,0.009148477
C00014,-0.008897366
C00015,-0.00022326614
C00016,-0.0072029773
C00017,0.0006071632
C00018,-0.010219281
C00019,0.0052150097
C00020,0.0038719908
C00021,0.03898312
C00022,-0.05213782
C00023,-0.007142364
C00024,0.052360788
C00025,-0.087529376
C00026,-0.01820302
C00027,0.063121036
C00029,0.0058416124
C00031,-0.09145498
C00032,-0.0015609597
C00033,-0.006956222
C00034,0.020743737
C00035,-0.045118123
C00036,-0.02190563
C00037,0.08578254
C00038,-0.0070876395
C00039,-0.13568106
C00040,0.0756575
C00041,-0.004465826
C00042,-0.011128026
C00043,0.0070599914
C00044,0.046811037
C00046,-0.0015273499
C00047,0.012270633
C00048,0.01971808
C00049,0.009654202
C00051,-0.0003318123
C00052,-0.007662396
C00053,0.02077423
C00054,-0.014234204
C00055,0.0036352123
C00058,-0.013884009
C00059,-0.0003806432
C00061,0.012955852
C00062,-0.010389787
C00063,-0.0019610203
C00064,-0.014966513
C00065,-0.0099035185
C00068,0.0060035726
C00070,0.023823481
C00071,-0.011460727
C00072,0.008135222
C00073,0.00072933664
C00074,0.00021733856
C00075,-0.0027586813
C00076,-0.31071293
C00077,-0.00691407
C00078,0.00044642156
C00079,-0.018259345
C00080,0.057858087
C00081,0.010497921
C00082,0.056411788
C00083,0.0051030307
C00084,-0.0033609224
C00085,0.035015732
C00086,0.00452434
C00087,-0.00016275642
C00088,-0.0040768115
C00089,-0.005112879
C00091,-0.011965023
C00092,0.0035585738
C00093,0.0025134715
C00094,0.011903953
C00095,0.0020345498
C00096,-0.008637873
C00097,-0.023207188
C00098,0.004210521
C00099,0.013174027
C00100,0.010947403
C00101,-0.0024951596
C00103,0.0002462403
C00104,-0.022861594
C00105,0.001531018
C00106,0.013136741
C00107,-0.0029350426
C00108,0.0026265592
C00109,-0.0001151507
C00110,0.005681685
C00111,-0.010052413
C00112,0.00074819726
C00114,-0.007690396
C00116,0.0032749781
C00117,0.0302788
C00118,0.019084558
C00119,-6.7595276e-05
C00120,0.0024372572
C00121,-0.007254588
C00122,-0.07861757
C00123,0.13026993
C00124,0.009849019
C00127,0.0024488065
C00128,0.0100187985
C00129,-0.002218532
C00130,0.0033966466
C00131,0.014454554
C00132,0.0026756441
C00133,0.0007419955
C00134,0.011173093
C00135,-0.006887046
C00136,0.015166195
C00137,-0.01431115
C00140,0.010203843
C00141,0.0009468787
C00143,0.00040748692
C00144,0.054145724
C00146,-0.02347853
C00147,-0.01369312
C00148,0.016533976
C00149,0.12168889
C00151,-0.004743322
C00152,-0.011356995
C00153,-0.0072960733
C00154,-0.013768417
C00155,0.08826148
C00156,-0.003547669
C00157,0.037628587
C00158,-0.012919039
C00159,-0.004108625
C00160,0.0031460517
C00162,-0.0114504015
C00163,-0.006807261
C00164,0.00025837752
C00165,0.14010897
C00166,-0.0052501736
C00167,0.0017291926
C00168,0.015538053
C00169,0.028405484
C00170,0.00340571
C00173,-0.0027824505
C00175,0.0013356565
C00178,-0.0001675922
C00179,-0.0010953187
C00181,-0.0028051822
C00182,-0.0017790818
C00183,0.010040373
C00184,0.0014840544
C00185,-0.006172058
C00186,0.006233924
C00187,-0.057630166
C00188,-0.014327766
C00189,-0.0043229517
C00190,-0.0017738969
C00191,0.04242711
C00192,0.012480829
C00194,-0.00012022513
C00195,-0.010385565
C00197,0.008922641
C00198,0.0020555183
C00199,0.008920096
C00203,-0.009283457
C00204,0.002851432
C00206,-0.017512055
C00207,0.02159886
C00208,0.0068335384
C00209,0.0013926625
C00212,0.08697946
C00213,-0.002596699
C00214,-0.00034660555
C00216,-0.0029957923
C00217,0.0013967324
C00219,0.012831046
C00221,-0.042609863
C00222,0.008708162
C00223,0.0012969051
C00224,0.00095841533
C00226,-0.0088325925
C00227,-0.004256943
C00229,-0.01609814
C00231,-0.0074428217
C00232,-0.013093491
C00234,0.00030745007
C00235,-0.0030637276
C00236,0.0064398777
C00238,0.023014635
C00239,-0.014339359
C00242,-0.009232979
C00243,-0.01053588
C00244,0.0100500155
C00245,0.0019498209
C00246,0.000601406
C00247,0.0076127667
C00249,-0.006134297
C00250,0.001617268
C00251,0.0030770246
C00252,-0.006073432
C00253,-0.0017082635
C00255,0.010986744
C00256,0.0051996624
C00257,0.0026882144
C00258,-0.009782189
C00259,-0.008614555
C00262,-0.00533319
C00263,-0.00510084
C00264,-0.002615277
C00266,0.022580914
C00267,-0.0102029275
C00268,-0.01022514
C00269,0.043755315
C00270,0.0038791534
C00272,0.00087925594
C00275,-0.029562617
C00279,0.010013819
C00280,0.10476234
C00282,-0.009763928
C00283,0.005320287
C00286,-0.007175816
C00288,0.04571245
C00290,-0.0075027077
C00291,0.024868326
C00294,0.01625042
C00295,-0.0032468997
C00299,0.002431959
C00300,0.0008427274
C00301,-0.065902814
C00305,-0.0058144005
C00306,0.0057505495
C00307,-0.017167727
C00309,-0.00016286969
C00310,-0.0016258371
C00311,-0.055056274
C00312,-0.02043161
C00313,0.0016553658
C00314,-0.0025857445
C00315,-0.011676255
C00318,0.033096656
C00319,-0.11561563
C00320,0.0025243023
C00322,0.00348363
C00325,0.015258382
C00327,-0.00021088566
C00328,0.0012785129
C00329,0.008314496
C00330,0.018264886
C00331,0.0080419
C00332,0.0053879945
C00333,-0.0045723678
C00334,0.00976001
C00337,-0.0027375754
C00338,0.049660176
C00340,0.0015241334
C00341,-0.0048606154
C00344,-0.008015757
C00345,-0.011000336
C00346,-0.029070485
C00350,0.0006648074
C00352,-0.008718129
C00353,0.005893322
C00354,0.057136226
C00355,0.0027907095
C00356,0.00668154
C00357,0.007233701
C00360,0.00080972724
C00361,0.002626713
C00362,0.025970466
C00363,0.0032781288
C00364,0.0019352715
C00365,0.00042209838
C00366,-0.013143258
C00369,-0.0122290645
C00372,-0.006577327
C00374,0.0056875837
C00376,0.0013163404
C00378,-0.014513134
C00379,-0.0071389526
C00380,-0.0021871685
C00381,0.0008123927
C00383,-0.0030466327
C00385,0.031192757
C00386,-0.00025903835
C00387,-0.00024190804
C00388,-0.014771469
C00389,-0.0044270367
C00390,0.0065646837
C00392,0.003317888
C00394,3.9654085e-05
C00398,0.05121264
C00399,0.0068566995
C00400,-0.018989995
C00401,-1.6949372e-05
C00402,-0.0016052739
C00406,-0.004077019
C00407,0.019394755
C00408,0.0021297676
C00409,-0.007399421
C00410,-0.07424033
C00412,-0.009308083
C00415,0.0008785988
C00416,-0.038955137
C00417,0.0031260818
C00418,0.00045159084
C00422,0.0016483576
C00423,-0.00806884
C00424,-0.008878714
C00426,0.0015529478
C00427,-0.022298658
C00429,-0.00076781947
C00430,-0.0041453475
C00431,0.00020015403
C00433,0.006772481
C00434,0.0025577538
C00435,-0.0074233254
C00436,0.0016693951
C00437,-0.0024735671
C00438,-0.002372427
C00439,-0.00082971575
C00440,0.010974638
C00441,-0.0008925749
C00445,-3.8730563e-05
C00446,0.010146757
C00448,-0.012718692
C00449,0.00092642696
C00450,0.007260588
C00455,-0.006809513
C00458,-0.0006657748
C00459,0.0035309736
C00460,0.0008048555
C00461,-0.0057452903
C00463,-0.00078778225
C00464,0.0040744506
C00468,0.019902967
C00469,0.0071236654
C00470,0.0053044665
C00471,0.0036500678
C00472,-0.00094610034
C00473,0.003258712
C00474,0.0034159648
C00475,0.001995188
C00476,-0.0007948957
C00479,-0.0012451621
C00483,0.043107245
C00486,0.0068166615
C00487,-0.0012041138
C00488,0.0107232835
C00489,-0.0067788498
C00491,-0.028721217
C00492,0.007807586
C00497,0.0038892499
C00498,0.009653727
C00499,-0.006683545
C00500,-0.00012918515
C00501,-0.014901515
C00502,-0.013146059
C00503,-0.002622746
C00504,-0.0150227705
C00506,-0.03200665
C00507,0.014921993
C00508,0.010755332
C00510,0.014087252
C00512,-0.004790823
C00513,0.007926699
C00514,-0.022393556
C00515,0.00054394285
C00517,0.0017400093
C00518,0.0064231968
C00519,-0.005493437
C00522,0.0047390317
C00523,-0.0020258948
C00524,0.009251254
C00526,0.0013193765
C00527,-0.00063605653
C00530,-0.0144355595
C00532,0.0018218358
C00533,-0.08345164
C00534,-0.0030897404
C00535,-0.04589739
C00536,0.0071973074
C00541,-0.0008163522
C00544,-0.0040396564
C00545,0.0021064074
C00546,0.0015247704
C00547,-0.06050724
C00550,0.0028343971
C00551,-0.002027901
C00552,-0.00353195
C00555,-0.00010007119
C00558,-0.017243007
C00559,0.0056038206
C00568,-0.0044770315
C00570,-0.007877131
C00573,-0.00869501
C00575,0.04835849
C00577,-0.0019704322
C00580,-0.0002858428
C00581,0.0014166336
C00582,0.015085738
C00583,0.0011955446
C00584,-0.10513333
C00588,-0.0027584208
C00593,-0.004141597
C00596,-0.012723304
C00601,-0.0017248323
C00603,-0.002817606
C00605,0.0046430817
C00606,-0.006626688
C00607,0.0043134796
C00617,-0.0017469239
C00618,-0.004320284
C00620,-0.0015861681
C00621,0.00062057964
C00623,0.008563926
C00624,-0.0048778215
C00627,-0.0030535697
C00628,-0.004440083
C00631,-0.007283617
C00632,-0.0026769354
C00634,-0.008810543
C00636,-8.977033e-05
C00637,0.0068203188
C00638,0.023926688
C00639,0.02056879
C00640,0.004704722
C00641,-0.007170303
C00642,0.020545816
C00643,0.004223725
C00644,-0.00013850699
C00645,0.00215471
C00647,-0.012278623
C00652,0.0014216154
C00655,0.002756418
C00658,0.00055510085
C00663,0.0001996709
C00664,0.00068446907
C00665,0.019922946
C00666,-0.001377652
C00668,0.0036922675
C00669,-0.0015874538
C00670,-0.0049208007
C00672,-0.0020139054
C00673,-0.017511478
C00674,-0.0024152289
C00679,-0.0042738393
C00680,0.00010163826
C00681,-0.06831271
C00683,0.0014276255
C00684,0.0026350822
C00685,-0.0021437956
C00689,-0.018311981
C00691,0.009284374
C00692,-0.00012922876
C00693,-0.008577664
C00695,-0.0030980455
C00696,-0.008758074
C00697,-0.008875949
C00698,0.00032305066
C00700,0.0011417617
C00704,0.11225358
C00705,-0.00040497864
C00707,0.0038332923
C00708,-0.0024949224
C00712,0.0013172373
C00714,0.0035943468
C00718,0.0040667895
C00719,-0.005290764
C00721,0.0020236326
C00726,-0.01723307
C00734,0.002734972
C00735,0.120251976
C00739,-0.0094880555
C00740,-0.007551443
C00741,-0.00123051
C00745,-0.08261836
C00748,0.004616831
C00750,-0.0097478265
C00751,0.009484216
C00752,-0.0018895284
C00757,-0.00018982787
C00760,0.006295587
C00762,0.09574271
C00763,-0.0011927185
C00777,0.07688898
C00778,-0.004189986
C00780,0.07911376
C00785,-0.00028734002
C00788,-0.07925571
C00789,-0.0006875142
C00791,-0.00028269633
C00792,-0.0020514515
C00793,-0.0047884434
C00794,0.0013992384
C00795,-0.005187367
C00798,-0.00027458
C00800,-0.0047787065
C00802,-0.011585271
C00804,-0.00033967904
C00805,0.0019135865
C00808,0.0057882257
C00809,0.0031649047
C00810,-0.0019363347
C00811,0.015154565
C00813,0.0017400576
C00817,-0.0147228865
C00818,-0.013714012
C00819,-0.0008977497
C00820,-0.0018423898
C00822,-0.008777943
C00823,-0.0029018898
C00827,0.0039080875
C00828,-0.001912202
C00829,-0.005757099
C00831,-0.0030007174
C00835,-0.0036761428
C00836,0.012619723
C00847,-0.008290513
C00853,-0.00039258017
C00855,0.0002277533
C00857,-0.00633651
C00860,-0.00086947496
C00861,-0.0026539464
C00864,-7.69265e-05
C00865,0.014560217
C00868,0.0007129065
C00873,0.007939514
C00877,0.009324063
C00878,-0.0035536047
C00879,0.0028656088
C00880,0.00827872
C00881,-0.0028673091
C00882,0.0014411104
C00884,-0.0060776575
C00885,0.0029520374
C00886,0.0022237753
C00887,0.013106985
C00888,-2.4774803e-05
C00894,0.008806895
C00898,0.012817848
C00899,0.002443094
C00903,-0.010376966
C00905,-0.006647777
C00909,0.0030453503
C00919,0.0056579225
C00921,0.004284195
C00922,-0.013860541
C00925,0.005433636
C00931,-0.0007214602
C00935,0.002142152
C00937,-0.0012097745
C00942,0.07281026
C00951,-0.048010997
C00954,0.0047017997
C00955,-0.0041954177
C00956,-0.01016791
C00957,0.010722401
C00958,-0.0041224984
C00963,0.00020139017
C00965,-0.016713629
C00966,0.00018649967
C00969,-0.0038694846
C00971,-0.00050461106
C00973,-0.00054867135
C00975,-0.00025253906
C00976,-0.018217143
C00978,-0.004838405
C00979,-0.003493091
C00984,-0.0053814277
C00986,-0.004897071
C00988,-0.003414065
C00989,0.007937977
C00990,-0.0014696005
C00992,-0.0006146184
C00993,0.0007778993
C00996,-0.018028248
C00999,0.0052184737
C01005,0.0008702696
C01007,0.00014921615
C01010,0.005824995
C01013,-0.016520567
C01019,0.0037254968
C01020,-0.009961897
C01024,-0.0005423111
C01035,-0.0017321868
C01036,0.00646171
C01037,0.014307185
C01040,0.0036865822
C01041,0.00243033
C01043,-0.006389888
C01044,-0.0017719653
C01045,0.004156006
C01050,-0.005353721
C01051,-0.0009510332
C01053,-0.009493186
C01054,0.0022592773
C01056,0.0112637
C01059,0.014092444
C01060,-0.013609144
C01061,0.014717434
C01063,-0.017617734
C01065,0.008601719
C01068,-0.005975511
C01073,0.0017107684
C01074,-0.0053695743
C01077,0.0134497
C01079,-7.9488615e-05
C01081,-0.009787586
C01083,0.011761686
C01087,0.0038193034
C01088,0.010295691
C01089,-0.00034401135
C01092,0.004390889
C01094,-0.003204416
C01096,0.004802622
C01097,-0.0022445768
C01099,-0.0016616486
C01100,0.0017219908
C01101,-0.0013168692
C01103,-0.0027530252
C01107,-0.008366132
C01110,0.0020663338
C01111,0.003384959
C01113,0.00041372352
C01114,0.0029954498
C01115,0.0061449045
C01118,0.0039031114
C01120,0.0743974
C01124,0.0002364499
C01126,-0.000766921
C01127,-0.0030857176
C01131,-0.016232865
C01132,-0.0030516426
C01134,0.0041029984
C01137,0.0015956567
C01142,-0.0005020731
C01143,0.010078136
C01144,0.0074509163
C01146,0.001416365
C01149,0.0071750386
C01151,0.007406534
C01152,0.002088614
C01153,-0.0019377454
C01157,0.01005212
C01159,-0.00024559535
C01161,0.0039145686
C01164,-0.0057014497
C01165,0.004185915
C01168,0.0034198523
C01170,0.0023298743
C01172,0.00067057065
C01176,0.0010445025
C01177,-0.011018613
C01179,-0.013055198
C01180,0.0041864566
C01181,0.0009416154
C01182,0.0048481966
C01185,-0.006739326
C01186,0.014158258
C01189,0.0016339916
C01190,0.013506003
C01194,-0.004382381
C01198,-0.002078794
C01203,0.0072460095
C01204,-0.011573276
C01205,0.001924379
C01209,-0.004603836
C01210,0.0028839668
C01211,0.0004974025
C01213,0.0013216126
C01215,0.0012622093
C01216,0.0063212514
C01217,-0.0057696663
C01218,0.00087540643
C01219,0.004623774
C01220,0.0032894728
C01222,-0.01210153
C01226,-0.003591957
C01227,0.07271605
C01228,-0.016196968
C01230,-0.007260403
C01231,0.00882626
C01233,-0.0055286456
C01234,-0.0044446564
C01235,-0.004164908
C01236,-0.0061742403
C01241,-0.008458534
C01243,0.0011091547
C01245,0.023476915
C01246,0.006356846
C01249,0.0038564585
C01250,-0.0019311352
C01251,0.004115243
C01252,-0.005564169
C01259,-0.016099332
C01260,-0.0013607317
C01261,0.005892182
C01262,0.015798565
C01264,-0.00097413117
C01267,5.0629373e-05
C01268,0.0028511388
C01270,-0.0013732985
C01271,0.0061739953
C01272,0.017336162
C01277,-0.0008517334
C01279,0.0055693556
C01284,0.0032178168
C01286,0.0053869844
C01290,0.009788703
C01297,0.013007149
C01300,-0.016709784
C01301,0.0007956384
C01304,-0.009656124
C01312,0.020459393
C01319,0.010322445
C01322,0.0030881527
C01327,0.005574556
C01330,-0.03477462
C01342,0.00071224413
C01344,-0.0004839599
C01345,-0.0015985247
C01346,-0.0024769919
C01352,-0.017892472
C01353,-0.03289976
C01355,0.006107279
C01358,0.0052488763
C01367,-0.054638285
C01368,0.00045098568
C01371,0.0017373174
C01380,-0.0005096551
C01382,0.0077182287
C01384,0.0075487
C01390,-0.003279896
C01405,0.00077037246
C01407,-0.04867883
C01412,-0.005422242
C01413,0.0007679558
C01417,-0.018207148
C01419,0.0045551634
C01438,0.0011776319
C01443,0.00064067775
C01444,-0.003624819
C01451,-0.0008540102
C01468,0.006336456
C01471,0.06937326
C01487,-0.0010875823
C01490,-0.005890334
C01498,0.009962394
C01508,-0.019272484
C01516,-0.03305109
C01528,0.0029048095
C01530,0.0072677764
C01558,0.00231303
C01561,0.026829768
C01563,-0.018617023
C01571,-0.00636228
C01576,0.000492221
C01595,-0.0027644143
C01596,0.00634679
C01598,0.041036222
C01606,-0.0069863047
C01613,-0.015864722
C01620,-0.0021542378
C01623,0.0032593561
C01630,0.0042399336
C01667,0.0022683241
C01672,-0.030625822
C01673,0.013017923
C01674,-0.007455033
C01678,0.0031861935
C01682,-0.00310022
C01684,0.0045116926
C01693,0.0028411932
C01694,0.004686535
C01697,0.00027071638
C01708,-0.0002728406
C01715,-0.020488236
C01717,-0.0048660706
C01720,0.0024808913
C01721,0.0038980762
C01724,0.007820212
C01725,0.004405448
C01726,0.0016083729
C01727,-0.005185779
C01732,-0.0044287858
C01746,0.0076651573
C01747,0.009724901
C01753,-0.0020878355
C01762,-0.0021359455
C01768,-0.0019347492
C01769,0.0072241244
C01772,0.004394482
C01780,-0.014613514
C01782,0.034934945
C01788,-0.0017733031
C01789,-0.0028341874
C01794,0.0015329473
C01801,-0.0006055023
C01802,0.016356222
C01817,0.0030263742
C01825,0.00635143
C01829,-0.075565085
C01832,-0.00045695482
C01834,-0.001336213
C01835,-0.002979556
C01844,-0.003732339
C01845,-0.005555998
C01847,-0.0028258704
C01850,-0.004887836
C01861,0.00093391497
C01879,-0.0103528965
C01885,0.0051378068
C01894,0.0054975185
C01898,0.0024546627
C01902,-0.008682594
C01904,-0.012112957
C01909,0.0011556612
C01921,-0.013956227
C01929,0.0036061683
C01931,0.0024117418
C01934,0.0032516774
C01935,-0.0005811356
C01937,0.002076995
C01943,-0.00075665745
C01944,0.0038550852
C01946,0.01763988
C01953,-0.005546375
C01959,-0.005770432
C01962,0.007622121
C01987,0.0024677012
C01989,-0.00063705863
C01990,0.0055989935
C01996,-0.026324011
C02002,-0.0023374832
C02041,0.0019022883
C02047,0.0030508605
C02049,0.00064110686
C02050,-0.01268051
C02051,-0.0014379062
C02059,0.0037244537
C02067,0.0030471245
C02075,0.0052503143
C02084,-0.0035473043
C02090,0.00476827
C02091,-0.0012745536
C02094,-0.004900712
C02110,-0.0078010084
C02112,-0.003241322
C02123,-0.0096456865
C02133,0.011647703
C02135,-0.008273394
C02137,-0.001812394
C02139,-0.0026171645
C02140,0.03276706
C02141,-0.00051442604
C02147,-0.00097481627
C02160,-0.0023201343
C02161,-0.0019765801
C02163,-0.00479769
C02165,0.07933198
C02166,-0.025641399
C02167,0.000245347
C02170,0.011768085
C02172,-0.0059564924
C02188,0.0032622379
C02189,-0.01736318
C02191,0.0017113591
C02198,-0.030490156
C02199,0.006047792
C02218,0.0023348313
C02220,-0.005183986
C02225,-0.005975941
C02232,-0.017921947
C02237,0.0014180016
C02249,0.00498944
C02262,-0.005478527
C02265,-0.006637087
C02266,0.0006430391
C02273,-0.011977386
C02280,-0.0015383571
C02282,0.01981765
C02291,0.003840974
C02295,-0.005122785
C02298,-0.0064513837
C02301,-0.00039182394
C02305,0.0022554009
C02320,0.0006952933
C02321,-0.006087335
C02331,-0.010388949
C02335,0.007591023
C02336,0.010418221
C02348,0.02066879
C02350,-0.0048376145
C02352,0.0017759576
C02353,0.071378805
C02354,-0.00023440283
C02355,-0.007025143
C02356,-0.0029755312
C02373,0.0028808676
C02376,0.0016306613
C02380,-0.013753602
C02389,-0.04673898
C02405,-0.017457241
C02411,0.010625234
C02412,0.004345656
C02426,-0.001875086
C02430,0.00019138982
C02431,0.0039205425
C02442,-0.0070123
C02457,-0.008826031
C02463,-0.031081231
C02465,-0.012472336
C02469,-0.011663916
C02470,-0.003538867
C02474,-0.008193216
C02477,0.0006248087
C02483,0.0017288254
C02488,0.003449129
C02492,0.002988188
C02504,0.008455303
C02505,0.0071645956
C02514,0.0048080506
C02515,0.007860577
C02527,-0.0071833204
C02528,0.0031284923
C02530,-0.03431918
C02535,0.0007029001
C02537,0.00064116623
C02538,0.0026481024
C02553,-0.00041364296
C02554,0.0046065236
C02565,-0.002783261
C02571,-0.0014314153
C02575,-0.015139983
C02587,0.006862663
C02588,0.019402573
C02591,-0.008690809
C02593,0.00035871868
C02617,0.008202081
C02630,0.0023582028
C02632,-0.006465939
C02642,0.009317638
C02647,-0.014819003
C02656,0.00047717604
C02669,0.00082772376
C02670,-0.004289707
C02679,0.0009955775
C02686,-0.00453778
C02693,-0.0047916695
C02700,-0.0004980201
C02702,-0.018659107
C02713,-0.0019299384
C02714,0.0026081684
C02718,0.002393028
C02727,0.0023584098
C02730,-0.0012521301
C02737,-0.026716448
C02739,0.002275573
C02741,-0.013530824
C02753,-0.005931941
C02763,-0.0035698153
C02773,0.0045910436
C02775,0.0049016513
C02798,-0.0044226563
C02800,-0.003643523
C02814,0.008579039
C02823,0.012800626
C02835,0.0017658292
C02839,0.004267052
C02843,-0.03110767
C02855,0.00089465315
C02876,0.00026213273
C02880,0.0011459141
C02888,0.004793318
C02892,-0.00829761
C02918,0.0034029996
C02930,0.013408558
C02934,-0.016831078
C02937,-0.0009116095
C02938,-0.0088664675
C02946,-0.00020714418
C02949,0.0023779203
C02953,0.001637671
C02960,-0.013257559
C02962,-0.0031427704
C02972,-0.0021259927
C02977,0.012752842
C02984,0.00032568304
C02985,0.0037554884
C02987,-0.009734554
C02988,0.012911723
C02989,0.0045344806
C02990,-0.0032783335
C02991,0.006781267
C02992,0.0028575603
C02995,-0.0059530633
C03012,0.0058802897
C03021,0.0017052384
C03028,0.009271808
C03029,0.0001662178
C03033,-0.015694324
C03035,0.012146992
C03043,-0.005662226
C03044,0.0023859532
C03046,-0.009576649
C03056,0.0071953675
C03058,-0.0007800803
C03063,-0.0053308303
C03064,-0.002669306
C03077,0.009882303
C03078,0.0023668697
C03082,-0.0029867052
C03087,0.006305527
C03089,-0.0011218189
C03090,-0.029986508
C03114,0.01085229
C03117,0.006468368
C03125,0.0028345268
C03127,0.0150070675
C03145,-0.0024875193
C03149,0.008665539
C03150,0.005440534
C03160,-0.00082788337
C03166,-0.00022330845
C03167,-0.0010128244
C03170,0.003936938
C03179,0.0015475787
C03194,-0.012019355
C03196,-0.0005985893
C03201,-0.007447835
C03205,-0.007701014
C03217,-0.0042236643
C03221,-7.399777e-05
C03227,0.0022318813
C03230,-0.008865166
C03232,0.00399517
C03239,0.0011118737
C03242,-0.007832963
C03248,-0.0029466779
C03259,0.0050900113
C03262,0.0028172466
C03263,0.0005950191
C03267,-0.0031388274
C03273,-0.0019802721
C03277,-0.0041066897
C03287,0.006090246
C03289,-0.0018416898
C03291,0.007165136
C03294,0.0011086966
C03296,0.0038110605
C03313,-0.0027256212
C03323,-0.0029494632
C03341,0.001913956
C03366,-1.7565442e-05
C03372,-0.012122516
C03373,0.006700308
C03375,-0.0067604557
C03378,0.003557165
C03379,-0.0049155084
C03383,-0.0013705516
C03393,0.0032815505
C03402,0.009520554
C03405,0.00449826
C03406,-0.0012142453
C03409,-0.0028751886
C03410,-0.0036291261
C03415,0.0008001382
C03428,0.0034189103
C03434,-0.035174835
C03440,-0.0036635688
C03451,0.0010764445
C03453,0.015532218
C03454,-0.004404965
C03455,0.005373111
C03458,0.008677895
C03459,0.00033841096
C03461,0.012762581
C03479,-0.004131018
C03483,-0.0024707809
C03492,-0.0037194535
C03511,-0.0028970726
C03512,0.00018380908
C03516,-0.001720384
C03519,0.00261085
C03539,0.002593132
C03541,0.0017370569
C03546,0.0018108338
C03547,-0.012016308
C03548,0.0011026661
C03557,-0.008480633
C03561,0.02322404
C03564,0.002298996
C03574,0.0015256397
C03577,-0.005697593
C03582,-0.0035548978
C03589,0.008466881
C03594,-0.0035601226
C03595,0.010895623
C03598,0.0025973879
C03599,-0.0033461263
C03611,0.00010053208
C03614,-0.012801268
C03618,-7.462222e-08
C03619,-0.0031124055
C03621,0.001547263
C03622,0.005508992
C03640,0.003960602
C03642,1.1302298e-05
C03646,0.0038227183
C03652,0.0092738485
C03656,0.0018831266
C03657,-0.0035667915
C03659,-0.0019338657
C03660,0.0016624911
C03680,-0.0053423895
C03681,-0.0060929493
C03684,-0.00033516658
C03688,0.000457711
C03690,-0.061687484
C03691,-0.002758099
C03692,-0.0001675142
C03715,-0.0005171515
C03722,-0.013712928
C03733,-0.01344075
C03740,-0.00479595
C03741,-0.008349506
C03747,-0.0008135673
C03752,-0.004971943
C03758,-0.009235563
C03765,-0.0013150566
C03771,-0.014483757
C03772,-0.007963298
C03780,-0.010688287
C03785,-0.0054846443
C03793,-0.006560999
C03794,0.0029508881
C03819,0.0062834723
C03820,0.005883915
C03824,-0.0017822827
C03826,-0.009153127
C03827,-0.0034903486
C03838,-0.0007467214
C03845,-0.006689189
C03852,0.0009924974
C03862,0.013526361
C03872,0.010839936
C03892,0.013010034
C03906,0.0033310011
C03912,-0.00060310843
C03917,0.15124996
C03920,0.002472145
C03921,0.0039620986
C03933,0.0018422103
C03935,-0.00023084763
C03939,-0.00029760355
C03943,0.00978541
C03964,-0.01837316
C03968,0.0134944245
C03974,0.0007818353
C03979,-0.004260044
C03981,-0.011223845
C03990,0.0021297098
C03993,0.0012594636
C03997,0.0028690286
C04001,-0.014580673
C04006,0.028389618
C04020,-0.0019762807
C04022,-0.0037009788
C04037,0.007608569
C04042,0.004409059
C04043,0.0047872528
C04044,0.011972019
C04045,0.0063315528
C04046,0.0033305262
C04051,-0.0007875969
C04052,0.012910949
C04053,-0.0228408
C04056,-0.019065559
C04062,-0.011794352
C04063,-0.022340072
C04076,0.00023482286
C04079,0.0010668447
C04088,0.012378459
C04089,0.0059886263
C04092,0.0019095509
C04106,-0.0014162799
C04114,-0.005255105
C04122,9.408686e-05
C04133,-0.0041913697
C04137,0.0017216556
C04145,0.0047117015
C04146,0.0037702443
C04148,-0.0029761004
C04180,0.0014885627
C04185,0.005631019
C04186,0.013507116
C04188,0.00019244466
C04216,-0.00042567588
C04225,-0.0007811347
C04226,0.014533152
C04227,-0.0066938056
C04230,0.04426594
C04233,-0.00028720684
C04242,-0.0005104438
C04244,0.0034257579
C04246,-0.0011252947
C04257,-0.017020226
C04260,0.0005633453
C04272,0.0012054646
C04281,-0.004951468
C04282,-0.00055239967
C04287,-0.0046004606
C04294,0.009575678
C04295,-0.002555939
C04297,-0.0061719855
C04308,0.0067961263
C04315,-0.01398455
C04317,0.014497925
C04327,-0.012598766
C04332,-0.005530742
C04348,0.0028516452
C04349,7.347856e-05
C04352,-0.0027627125
C04361,-0.006350954
C04368,-0.010677567
C04373,-0.0036744324
C04376,0.014685253
C04392,0.005500501
C04409,0.0034351628
C04437,0.01137111
C04438,-0.00016233139
C04442,0.00017070607
C04454,-0.0014347704
C04457,0.011109596
C04475,0.01707122
C04477,-0.04230294
C04479,0.008278509
C04483,0.0010092072
C04487,0.009913711
C04494,0.0009289171
C04501,-0.0015551599
C04506,0.005992757
C04517,-0.00071204914
C04518,0.0036669883
C04520,0.003833089
C04525,0.0040106177
C04534,0.006261393
C04536,-0.00686807
C04546,0.0008201053
C04549,-0.07047221
C04554,0.0024414142
C04555,0.0015746192
C04556,0.0077365306
C04563,0.008662847
C04573,-0.007870206
C04574,0.0055556376
C04575,-0.03156029
C04577,-0.0036193973
C04579,-0.0014247252
C04582,-0.014641381
C04590,0.004997745
C04593,0.016664768
C04598,-0.003815726
C04599,0.04766439
C04604,0.0011614963
C04613,-0.0043598805
C04618,-0.0045503424
C04619,-0.0074339677
C04620,-0.002402414
C04623,-0.000106688356
C04630,-0.0024032542
C04631,0.0005337554
C04633,-0.0034008506
C04635,0.008176239
C04637,0.006278567
C04638,0.008186797
C04640,-0.000106938955
C04642,-0.0030970306
C04646,0.008334887
C04650,-0.0032214066
C04666,0.0021504054
C04671,-0.008591786
C04672,-0.0034430255
C04676,0.001262315
C04677,-0.00333507
C04688,0.0063198702
C04690,0.001659873
C04707,-0.0051548807
C04717,-0.0012716269
C04722,0.004874302
C04732,0.0034988003
C04734,-0.072609775
C04737,0.0025592702
C04742,-0.019142473
C04748,-0.001305917
C04751,-0.0024437644
C04752,-0.0002490423
C04756,0.0048324587
C04758,0.007672257
C04773,-0.0042091543
C04778,0.0014121225
C04780,0.0022946526
C04785,-0.0034650196
C04796,-0.0077948645
C04797,0.0012739573
C04805,0.0042256555
C04807,0.0023776279
C04822,-0.036261577
C04823,0.06155212
C04835,0.0082110725
C04853,-0.0034125247
C04872,0.003766951
C04874,-0.019425634
C04895,-0.003649029
C04896,0.0025572318
C04911,-0.002603219
C04916,-0.0020021899
C05005,0.0029092524
C05011,-0.0045328476
C05102,-0.001585719
C05103,-0.004292343
C05107,-0.00862379
C05108,-0.0012345455
C05109,0.00013314863
C05113,-0.030379098
C05122,-0.010639705
C05123,0.0066514444
C05125,0.017458916
C05127,0.0067338916
C05130,0.003605787
C05131,0.004390358
C05133,0.00045415782
C05135,0.0065043997
C05138,-0.0048189517
C05139,-0.005924995
C05140,0.0008770275
C05141,0.0020149024
C05144,0.0017134987
C05147,-0.0008822429
C05151,0.0027419992
C05161,0.00053443556
C05172,0.0030550105
C05212,-0.007831024
C05223,-0.008804435
C05231,-0.009219198
C05235,0.005062633
C05239,-0.0002229888
C05258,-0.0013542108
C05259,-0.010206064
C05260,0.0017736783
C05261,-8.165371e-06
C05262,-0.0008173769
C05263,0.024008457
C05264,-0.0006834604
C05265,0.0028422978
C05266,-0.005895076
C05267,-0.011890412
C05268,0.0014120773
C05269,0.005469833
C05270,0.0015183536
C05271,0.004538001
C05272,0.015653353
C05273,0.0020130433
C05274,0.017880544
C05275,0.00024086027
C05276,-0.0002384953
C05279,-0.0005808717
C05280,-0.0032844616
C05281,-0.0047515696
C05284,-0.001842947
C05285,-0.0056999936
C05290,-0.010457713
C05291,0.00097433757
C05293,-0.005392301
C05294,0.0015288615
C05295,0.0031031244
C05296,-0.0010264495
C05297,0.00053669675
C05298,-0.012879135
C05299,-0.0022029276
C05300,0.0046246042
C05301,-0.021344885
C05302,0.0025404126
C05306,0.0011436602
C05307,0.00046712102
C05309,-0.01519718
C05324,0.0017942698
C05332,-0.0092318375
C05335,0.00059090793
C05336,7.408392e-05
C05337,-8.833199e-05
C05338,-0.017524336
C05340,-0.004230257
C05341,0.0037786039
C05345,0.017145732
C05349,0.005289588
C05350,-0.0039651315
C05356,-0.060470156
C05361,-0.0011421158
C05371,-0.0039269673
C05377,0.009536557
C05378,0.014641038
C05379,0.0026113193
C05380,-0.0143017545
C05381,0.019258613
C05382,0.0074936235
C05385,0.019221138
C05392,-0.002705712
C05396,0.00235436
C05399,-0.0027933386
C05400,-0.004791006
C05401,-0.017997606
C05402,-0.008217308
C05404,-0.0019196916
C05411,0.003343735
C05412,-0.009909872
C05422,-0.0042982893
C05427,0.0041591357
C05437,-0.0064967126
C05439,-0.0055899927
C05440,-0.008978045
C05441,0.002335292
C05442,0.0072268904
C05443,-0.007729183
C05444,-0.0006337359
C05445,0.0027498743
C05446,-0.0011678716
C05447,0.0038080048
C05448,-5.134032e-05
C05449,-0.0046323873
C05451,-0.0025387504
C05452,0.0016072507
C05453,0.0012581288
C05454,0.0032380926
C05455,-0.0009246367
C05460,-7.7996985e-05
C05465,-0.044827536
C05466,0.004453069
C05467,0.0017533161
C05468,0.007769786
C05469,0.0010961519
C05470,-0.00040585734
C05471,0.0018515956
C05472,-0.004192227
C05473,-0.001393686
C05474,0.006226477
C05475,-0.0016526821
C05476,0.0013156274
C05477,0.0024843493
C05478,-0.0033994592
C05479,-0.0014117379
C05480,0.007399262
C05481,-0.004497797
C05482,-0.0020310832
C05483,0.004097633
C05484,0.007565886
C05485,0.0021046274
C05487,-0.0062594055
C05488,0.0416345
C05489,0.0029463205
C05490,-0.00046201563
C05497,0.0045559825
C05498,0.0008523469
C05499,0.0010883361
C05500,-0.015939644
C05501,-0.0093032755
C05502,0.004862444
C05503,0.002947
C05504,0.0042938613
C05512,-0.059934173
C05513,0.007109501
C05515,0.011373183
C05516,-0.023724863
C05524,-0.0017515032
C05526,-0.00023600005
C05527,0.0028614649
C05528,-0.010292346
C05544,-0.0024996381
C05545,-0.0022111866
C05546,0.00033236365
C05548,-0.0034615772
C05551,-0.011140741
C05552,-0.00669448
C05565,-0.00013647578
C05568,0.011635904
C05570,-0.0023267837
C05571,-0.005702839
C05572,-0.002486567
C05575,-0.018492984
C05576,-0.0041941805
C05577,-0.0016613143
C05578,0.006822082
C05579,0.007256926
C05580,-0.0009100933
C05581,0.002663533
C05582,0.0059025744
C05583,0.005930383
C05584,0.003933171
C05585,-0.004316042
C05587,-0.017496863
C05588,0.0068270927
C05589,0.015105275
C05593,-0.0038444921
C05594,-0.019134872
C05595,-0.00666729
C05596,0.0014155766
C05598,0.002269536
C05600,-0.0105288
C05604,-0.008622868
C05606,-0.0056668743
C05607,-0.0011276646
C05620,-0.0004860151
C05629,-0.010423142
C05634,-0.0037522246
C05635,-0.009686921
C05636,-0.0063163782
C05637,0.0018009738
C05638,0.0064007742
C05639,9.912648e-05
C05640,0.0062374775
C05641,-0.0032893626
C05642,-0.0019397065
C05643,0.006252806
C05644,0.0015842814
C05645,0.0074203676
C05646,0.0067570806
C05647,0.00708407
C05648,-0.006899935
C05651,-0.0072284965
C05652,0.0021405881
C05653,-0.0011687919
C05654,-0.0064651477
C05655,-0.003581359
C05656,-0.0042946017
C05658,0.0014320577
C05659,-0.0019166674
C05660,-0.0023093773
C05663,0.0024561845
C05665,0.0025428275
C05668,-8.250761e-05
C05669,5.8605336e-05
C05670,0.0012414153
C05672,0.00014746992
C05673,0.0066320575
C05674,0.0017440743
C05675,-0.003083006
C05676,-0.0018291355
C05677,0.0027480873
C05678,-0.0027304995
C05679,0.01052797
C05680,-0.0031409238
C05681,-0.007253144
C05682,-0.0004020402
C05683,-0.000963766
C05684,-0.00020311959
C05686,0.0013729839
C05688,0.0044993064
C05689,-0.0031196857
C05690,-0.003856569
C05695,0.0036243792
C05697,-0.0034750965
C05698,-0.0013570774
C05699,0.0013515425
C05703,0.009646922
C05726,-0.011011649
C05727,-0.0061206645
C05729,0.0017033956
C05730,-0.0058222227
C05731,4.1985535e-05
C05744,3.7775375e-05
C05745,-0.005712678
C05746,0.0071783205
C05747,0.0043847207
C05748,-0.004510161
C05749,-0.006881042
C05750,0.0077034035
C05751,0.00031965435
C05752,0.00047142257
C05753,-0.0066126646
C05754,-0.00037357514
C05755,0.003982557
C05756,-0.0019110555
C05757,-0.0022246977
C05758,0.0028954484
C05759,-0.0076941517
C05760,0.0040267706
C05761,-0.00045310985
C05762,0.0050526154
C05763,-0.0076472303
C05764,-0.002677438
C05766,0.0001345023
C05767,-0.00016855355
C05768,-0.0013231881
C05769,0.0016220222
C05770,0.00078517525
C05772,0.0030490472
C05773,0.00048111856
C05774,0.0023246142
C05775,0.00021120324
C05776,0.0001218603
C05777,0.0009872362
C05778,0.0003876593
C05779,0.0009083124
C05780,0.0015770618
C05781,0.015868263
C05782,-0.0005163384
C05783,0.0003797823
C05784,-0.00041235785
C05785,-0.011569787
C05786,0.00049195427
C05787,0.00018646894
C05789,-0.00096692576
C05790,-0.00011940277
C05791,-0.00085030217
C05793,-0.0064898427
C05794,0.0010730899
C05795,0.0007795736
C05796,0.005477431
C05797,-0.023990065
C05798,0.00016728474
C05807,0.003077804
C05817,0.0003039891
C05819,-0.0099028805
C05822,-0.002879501
C05823,0.0038058301
C05824,-0.003230046
C05825,-0.007310557
C05827,-0.005729122
C05828,0.008122085
C05829,0.006073671
C05830,0.005307518
C05831,-0.003345076
C05832,0.0046649165
C05834,-0.0037017015
C05835,0.0017296083
C05837,0.006235188
C05840,0.014809516
C05841,0.006467348
C05842,-0.0058441903
C05843,0.0062044016
C05844,-0.0020149471
C05847,-0.0072501446
C05848,0.0005617483
C05849,0.0014286264
C05852,0.0043716775
C05853,0.0048219212
C05856,-0.010301535
C05859,0.007118472
C05912,-0.0010688942
C05913,0.006443397
C05914,-0.0019911216
C05915,-0.0070022237
C05916,0.0003170721
C05917,0.0024103906
C05921,-0.0026962413
C05922,-0.014524601
C05923,-0.0068328674
C05924,-0.009889208
C05925,-0.011553041
C05926,-0.000547122
C05927,0.009120584
C05931,0.0042646322
C05932,0.002504085
C05933,0.001584652
C05936,0.0017280476
C05938,-0.000870215
C05939,-0.00051172974
C05941,-0.00091636134
C05942,0.00032157818
C05944,-0.0049838517
C05945,0.0012865975
C05946,0.0011453446
C05947,0.00014091306
C05949,-0.0034539371
C05950,-0.006983239
C05951,-0.0060484684
C05952,0.10337512
C05953,-0.013598034
C05954,0.009653923
C05955,-0.008746006
C05956,0.015723769
C05957,-0.006766592
C05958,-0.018701999
C05959,0.0008175776
C05960,-0.0037480001
C05961,-0.0039073993
C05962,-0.0058562234
C05963,-0.025367793
C05964,0.010147983
C05965,-0.020728078
C05966,0.010404758
C05973,-0.008353252
C05974,0.0042629987
C05976,-0.003684118
C05977,0.0053076716
C05979,0.0025602141
C05980,0.0040343786
C05981,-0.2774024
C05983,0.0025180723
C05984,-0.0029825696
C05989,0.0040208413
C05993,0.0019074627
C05994,0.004402191
C05995,-0.002686199
C05996,-5.4461998e-05
C06002,0.0016094138
C06010,0.014233474
C06019,-0.0010881098
C06023,-0.01754411
C06027,0.00046719494
C06028,-0.001115722
C06037,-0.001144771
C06038,0.0022040585
C06040,0.0052022883
C06041,0.0036380375
C06042,-0.007858963
C06044,0.010486094
C06046,-0.018413581
C06047,-0.0003678382
C06048,-0.005481221
C06049,-0.01791817
C06050,-0.0068066465
C06051,-0.0020742007
C06052,-0.0044148266
C06054,-0.006520291
C06055,-0.0010331755
C06056,0.0025905785
C06058,0.020152064
C06062,-0.010751681
C06081,-0.018106986
C06108,0.007737956
C06112,0.009277804
C06113,0.004348349
C06118,0.0015672505
C06124,-0.037163157
C06125,-0.014400963
C06126,0.0111942
C06127,-0.016001696
C06128,-0.0042934013
C06142,0.0061133793
C06143,-0.0021727078
C06144,-0.009888764
C06145,-0.0011705258
C06146,0.0011158303
C06148,0.0031787923
C06153,0.017027795
C06156,-0.012423835
C06174,0.00087065226
C06178,0.011174237
C06186,0.0051652044
C06187,0.0018394295
C06188,-0.0008104467
C06192,-0.0009258678
C06193,-4.264308e-06
C06194,0.0025523384
C06195,-0.017796211
C06196,0.0009664807
C06197,0.0042973734
C06198,-0.00042337383
C06199,-0.0058945133
C06201,-0.002211569
C06205,-0.004414367
C06207,0.008890917
C06212,0.0023776134
C06213,-0.00017603952
C06215,-0.0015825932
C06227,0.004888012
C06229,-0.008069246
C06230,-0.0052710013
C06232,-0.0004739425
C06240,-0.0026145945
C06241,-0.0024983832
C06250,-0.00011104962
C06254,0.0016799942
C06268,-0.031011572
C06269,-0.00054608076
C06311,0.0075341603
C06313,-0.0020775378
C06314,-0.004716687
C06315,0.015828865
C06316,-0.0033540572
C06319,-0.0021890812
C06320,0.001958202
C06341,-0.0011111476
C06364,0.0018795158
C06365,-0.003329754
C06367,-0.0037798737
C06368,0.0012836497
C06376,0.013071995
C06377,-0.00089916144
C06399,-0.00013243966
C06400,0.006982713
C06406,-0.0013591785
C06407,4.0175277e-05
C06408,-0.00058683497
C06416,-0.0026957458
C06419,-0.0017298779
C06423,0.02074033
C06424,-0.006657107
C06425,-0.0040123733
C06426,0.016038448
C06427,0.00096195936
C06428,0.0010972295
C06429,0.014604202
C06433,-0.010701818
C06435,0.0014732822
C06441,0.0012918598
C06451,0.009022659
C06455,-0.002706773
C06456,-0.0024912802
C06457,0.0037489946
C06459,0.006021608
C06462,0.00582009
C06473,0.0033646817
C06481,0.009955971
C06482,-0.0027785015
C06503,-0.0008682015
C06504,-0.00096644217
C06505,-0.001180456
C06506,-0.0005414109
C06507,0.00072149874
C06508,0.002387933
C06509,0.0011790338
C06510,-0.0005889252
C06526,0.012788635
C06547,-0.0051588444
C06548,0.0013287342
C06570,0.0035079378
C06687,-0.0020814992
C06688,-0.0004979996
C06696,0.0011298242
C06697,-0.0052569867
C06705,0.0016588859
C06706,-0.0045704376
C06707,0.0044470527
C06735,0.007629572
C06752,-0.0017949913
C06754,-0.0052236784
C06755,-0.0008819677
C06767,0.00086657563
C06771,-0.015888061
C06772,0.0073635615
C06790,-0.036061265
C06793,0.01641042
C06800,-0.02995097
C06804,-0.007608851
C06810,-0.000350815
C06837,0.006020282
C06865,-0.0003900567
C06866,0.01902542
C06868,-0.01517592
C06880,-0.007948836
C06890,-0.0055886414
C06892,-0.0035267188
C06893,-0.0107368175
C06899,0.003909593
C06916,0.067968555
C06956,0.002274209
C06986,-0.0026939095
C06999,0.0012810866
C07014,-0.00074774085
C07020,-0.06172268
C07047,0.0007575508
C07051,0.007849766
C07054,0.00448635
C07056,-0.034497883
C07065,-0.0049149888
C07073,0.0008705425
C07086,0.00015438558
C07108,0.00067361724
C07122,0.0016306236
C07130,-0.008059666
C07151,0.05101342
C07163,-0.0022595942
C07184,0.00027959142
C07185,0.019168478
C07201,0.0011102819
C07207,0.0035229516
C07210,0.00029363553
C07240,0.0011857005
C07289,0.0013098659
C07294,-0.043173682
C07295,-0.027579445
C07308,0.008667124
C07335,-0.0036016467
C07338,-0.0053746505
C07354,-0.0019006012
C07394,0.0026716907
C07434,0.006991458
C07446,0.0032020651
C07447,0.002826957
C07480,-0.0013871071
C07481,0.0062283548
C07490,0.0031714267
C07492,0.0011299575
C07493,-0.009922436
C07495,-1.1506025e-05
C07496,-0.017571088
C07501,-0.001836966
C07512,-0.0004235726
C07535,-0.08838329
C07557,-0.008680732
C07572,0.00807811
C07585,-0.004788695
C07593,0.0007273089
C07600,-0.0103717465
C07639,0.026559966
C07641,-0.00406112
C07643,-0.0011642838
C07644,-0.0008275667
C07645,-0.00783993
C07646,0.0057454444
C07647,-0.0056913123
C07648,-0.009427536
C07649,-0.0020450694
C07653,-0.022843087
C07660,-0.017878335
C07662,0.0046045743
C07663,-0.0017002115
C07712,-0.0029898458
C07888,-0.016544327
C07909,-0.13864064
C07966,-0.0027716053
C08012,-0.002646476
C08150,0.0040234877
C08262,-0.011112086
C08276,0.004302541
C08281,0.012473323
C08313,0.0019227134
C08316,-0.0013165772
C08320,0.0068001593
C08323,0.0012302177
C08357,-0.007335058
C08358,0.001071485
C08359,-0.005939768
C08362,-4.313886e-06
C08439,-0.0033026622
C08491,0.0013527703
C08492,-0.005891702
C08813,-0.01070378
C08821,0.00523731
C08822,0.0016258575
C08830,-0.006179164
C09155,0.0017095224
C09179,-0.019547861
C09306,-0.0047951303
C09332,-0.0033150385
C09731,0.008421362
C09844,0.0058929427
C09955,-0.00080530846
C10164,-0.0052392883
C10447,0.0018481502
C10497,0.012347845
C10793,0.008928754
C10998,-0.0013300092
C11004,0.0005752852
C11036,-0.0003545666
C11038,-0.0007987155
C11039,-0.0011476028
C11042,-0.03877569
C11045,0.012958067
C11061,-0.00047158857
C11062,0.004169983
C11088,-0.0045995484
C11131,-0.00020409876
C11132,-0.0055124247
C11133,0.0073950994
C11134,-0.0013989666
C11135,-0.015000815
C11136,-0.0043616043
C11142,0.0028350446
C11143,-3.390381e-05
C11145,-0.0011194173
C11148,0.012015294
C11149,-0.009780096
C11150,-0.07569922
C11158,-0.0033140662
C11173,-0.0011284024
C11174,-0.012463129
C11221,-0.004292395
C11231,0.005295194
C11242,0.0012171058
C11243,-0.0020539965
C11245,0.0036344887
C11277,-0.0027858778
C11278,-0.0027211925
C11310,-0.04417114
C11355,0.00034993736
C11363,-0.0008691596
C11371,-0.06411194
C11376,0.0064008264
C11378,-0.0030313348
C11434,0.0019486515
C11435,-0.00676194
C11436,0.0025915508
C11437,-0.0005907836
C11453,0.0005465809
C11455,0.00074206665
C11457,0.00023654872
C11472,-0.033445504
C11481,0.006089125
C11499,0.001317256
C11508,0.004750902
C11512,-0.0031999573
C11516,-0.0014772252
C11521,-0.006977876
C11522,-0.0059635863
C11523,-0.0082466705
C11526,-0.0015907524
C11537,0.0044499347
C11538,-0.00057998067
C11540,-0.00032042642
C11542,-0.004118882
C11543,-0.0046919766
C11544,0.0029501754
C11545,-0.0012253178
C11554,0.015329283
C11555,-0.010147205
C11556,0.0151346205
C11557,0.045856502
C11583,-0.003378672
C11587,0.0022310524
C11588,0.0042532254
C11596,-0.0022281965
C11612,-0.0034690055
C11630,-0.002389719
C11638,0.004514975
C11695,0.014103422
C11713,-0.0016698339
C11714,8.467649e-05
C11736,-0.0044836425
C11754,-0.004141433
C11785,-0.00023063272
C11811,-0.011914381
C11821,0.077692814
C11829,0.0010290026
C11830,0.00027442118
C11831,0.00017817598
C11832,-0.0005624532
C11850,-8.284231e-05
C11851,-0.006538498
C11906,0.006149284
C12083,-0.0015407492
C12126,0.0017108286
C12144,-0.02440593
C12145,0.009399445
C12147,0.0002623562
C12248,-0.0064545744
C12270,-0.012043703
C12271,-0.013801269
C12272,0.021361785
C12283,0.011808739
C12284,-0.0030927847
C12285,0.007607746
C12455,0.0027508736
C12505,0.0013746659
C12560,0.0013235528
C12621,0.003312002
C12622,-0.0042751897
C12623,-0.004464875
C12624,-0.0001199363
C12650,0.008643586
C12673,-0.0058988445
C12739,-0.005327394
C12981,-0.005512353
C13050,-0.002844131
C13051,-0.0147291245
C13202,-0.000114056515
C13252,0.0017100982
C13309,0.0021315326
C13482,-0.0020235507
C13508,0.0003620174
C13550,0.0005331419
C13624,0.004218713
C13712,0.003809976
C13713,-0.005494497
C13747,-0.0021092237
C13768,0.00135763
C13809,-0.007659856
C13856,-0.023136074
C13952,-0.0077376505
C14039,-0.0035585824
C14040,-0.0034324585
C14144,-0.008837125
C14145,0.0038099673
C14151,0.003031302
C14152,-0.0022598198
C14153,0.0021464783
C14154,-0.001299313
C14155,0.003179089
C14156,0.0011375514
C14179,0.0035332125
C14209,0.0046181073
C14240,-0.00031358586
C14453,0.0018514893
C14556,-0.0011527648
C14573,0.0063100494
C14592,-0.0026657495
C14701,0.028912531
C14704,0.00023094635
C14717,-0.003389925
C14732,-0.0019933379
C14748,-0.011138578
C14749,0.0037822768
C14762,-0.014595712
C14765,-0.0015963198
C14766,-0.0020256215
C14767,-0.0059313667
C14768,-0.006990381
C14769,-0.021627117
C14770,0.013089875
C14771,0.001309894
C14772,0.011914622
C14773,0.0012381494
C14774,0.009670748
C14775,0.0108214775
C14776,0.0003205349
C14777,-0.015579283
C14778,0.0026209734
C14779,-0.012731502
C14780,0.0071416353
C14781,0.0049139014
C14782,0.009023055
C14783,0.0014484008
C14784,0.0013887852
C14785,-0.0047790688
C14786,-0.002905663
C14787,-0.0025436508
C14788,0.0066249156
C14789,0.011380859
C14790,0.00041955887
C14791,0.010477422
C14792,-0.0014443739
C14793,0.001813228
C14794,0.0023193269
C14795,-0.0020994414
C14796,-0.009211893
C14797,0.0005786123
C14798,0.0081495885
C14799,-0.006182257
C14800,-0.0033279895
C14801,-0.0035414041
C14802,0.0016403317
C14803,-0.0020132994
C14804,-0.001718692
C14805,0.0030984906
C14806,-0.002527926
C14807,-0.0071791923
C14808,0.008414226
C14809,-0.005528996
C14810,-0.0035557172
C14811,-0.0075869923
C14812,-0.00985243
C14813,0.00990222
C14814,0.0062828986
C14815,-0.0075422414
C14818,-0.011482137
C14819,0.0046791625
C14820,0.005360741
C14821,0.012561336
C14822,0.011658213
C14823,-0.004650901
C14824,-0.0010898127
C14825,-0.0023598354
C14826,0.00197407
C14827,-0.0045707407
C14828,-0.0045574363
C14829,-0.0017768613
C14831,-0.0105967345
C14832,-0.0021512818
C14833,-0.0020866112
C14834,0.00017057499
C14835,0.0020155679
C14836,-0.007850582
C14837,-0.0018466464
C14839,-0.003720499
C14840,-0.0034924638
C14841,0.013045348
C14842,-0.0072647845
C14843,-0.003905028
C14844,-0.00038606144
C14845,0.0038381456
C14846,-0.0013900858
C14847,-0.0035900725
C14848,0.0037761661
C14849,0.007438488
C14850,-0.013933588
C14851,-0.018253429
C14852,-0.047370307
C14853,0.01313748
C14854,0.004707706
C14855,0.0094279405
C14856,0.008846588
C14857,-0.0076426514
C14858,-0.0039753434
C14859,-0.0013113185
C14860,0.002000462
C14861,-0.0023802442
C14862,-0.008311941
C14863,0.003171856
C14864,-0.0037297052
C14865,-0.009216955
C14866,-0.0023213
C14867,-0.0032734463
C14868,0.00025368197
C14869,-0.0030518887
C14870,0.0050309724
C14871,-0.0015689598
C14872,0.001824768
C14873,0.0012387212
C14874,-0.006781565
C14875,0.002946664
C14876,0.0035041582
C14877,-0.00053305656
C14899,0.010270378
C15231,0.039054453
C15492,-0.00063701125
C15493,0.020215685
C15518,0.00050544133
C15519,0.0032268062
C15520,-0.0067893346
C15521,-0.020924835
C15522,0.0020913442
C15523,-0.005415924
C15524,-0.0074665044
C15532,-0.0033657078
C15547,0.0012351936
C15556,0.0044141393
C15563,0.0008701447
C15606,0.0011611636
C15607,0.002238906
C15610,0.010250356
C15613,0.0033876554
C15614,-0.0050562746
C15645,0.0072079413
C15646,-0.007575759
C15647,-0.010322148
C15650,-0.0036952114
C15651,0.010403832
C15667,0.022879336
C15670,0.0037114471
C15672,-0.0034493003
C15699,0.001491775
C15700,0.007232853
C15719,-0.0082544545
C15767,0.0015987032
C15776,-0.00028171367
C15777,0.00087981205
C15780,0.001570184
C15781,0.0007119508
C15782,-0.006645205
C15783,-0.000293524
C15808,0.0004003112
C15809,0.008972537
C15810,0.003048264
C15811,0.014206583
C15812,0.0022811354
C15813,-0.012795677
C15814,0.009719732
C15816,0.0043529538
C15848,-0.0008061507
C15849,0.00015523867
C15850,0.02884601
C15851,0.0005946348
C15852,-0.0014905122
C15882,-0.0015522573
C15883,-0.0028901682
C15890,0.06151968
C15891,-0.00026463205
C15915,0.0009780133
C15923,-0.0025342987
C15924,0.001680258
C15925,-0.010912194
C15926,0.004077104
C15930,0.0055805007
C15972,0.0140584465
C15973,-0.021321662
C15986,-0.01508374
C15987,-0.011462286
C15995,-0.016609885
C15996,-0.010911506
C16038,0.06535639
C16041,-0.009544707
C16114,-0.00023760088
C16138,-0.0070425635
C16150,0.01291663
C16151,-0.015259202
C16152,-0.00966513
C16153,-0.012140045
C16154,0.01290565
C16155,-0.0063433377
C16156,0.0073008537
C16157,0.002470289
C16159,0.0036758306
C16160,-0.012385927
C16161,-0.0036512378
C16162,-0.0052562132
C16163,0.001337758
C16164,0.012849002
C16165,0.0035725236
C16166,0.012610901
C16167,-0.02240323
C16168,-0.0006416668
C16169,-0.008680988
C16170,-0.018228749
C16171,0.0008265758
C16172,-0.00854861
C16173,0.000116654206
C16179,-0.002428413
C16180,-0.022633862
C16183,-0.00326683
C16186,-0.017501451
C16219,0.0059668003
C16220,0.0041233227
C16221,0.008459143
C16238,-0.008142089
C16241,0.007104886
C16242,-0.00048472558
C16243,0.0022788902
C16244,-0.0024289915
C16254,0.0031274874
C16255,0.010909464
C16300,-0.0031216904
C16308,0.0034390632
C16309,-0.0038913398
C16310,-0.0036259687
C16311,-0.0034942408
C16316,0.00040787843
C16317,0.0032047187
C16318,-0.0021192383
C16319,-0.008171968
C16320,-0.0018420944
C16321,-0.0022774779
C16322,-0.0016655843
C16323,-0.0037748045
C16324,0.0011983146
C16325,0.00051149086
C16326,-0.0056129955
C16327,-0.0029717742
C16328,0.0019270533
C16330,-0.0015181284
C16331,0.0036697765
C16332,0.00589272
C16334,3.2321666e-05
C16335,0.0071038343
C16336,-0.0008931551
C16338,0.0006354804
C16339,0.0007582961
C16341,-0.0036255112
C16342,0.002363395
C16343,-0.003988485
C16344,0.019096013
C16345,-0.0013454766
C16346,0.0041483706
C16352,-0.0013396847
C16353,0.00059741474
C16355,0.0002160245
C16356,0.00236045
C16357,0.0008224703
C16358,-0.005574095
C16359,0.00074518914
C16360,-0.0028346942
C16361,0.0072176103
C16362,-0.0022509182
C16363,0.008302554
C16364,-3.682525e-05
C16365,0.0006702206
C16366,0.0013984463
C16390,0.007231004
C16421,-0.0042774174
C16452,0.035388183
C16453,-0.0046562674
C16510,0.010783935
C16511,0.00041262934
C16512,-0.0011009681
C16513,-0.0013922644
C16514,-0.0065887505
C16515,0.015612526
C16516,0.0046967957
C16517,0.007083296
C16518,0.00068043487
C16519,-0.0005896593
C16520,0.01128689
C16521,0.0047647352
C16522,-0.01822868
C16525,-0.014488242
C16526,0.0017537889
C16527,-0.0047480147
C16528,-0.0019520351
C16529,0.004293424
C16530,0.019448005
C16531,-0.004934878
C16532,0.00061499584
C16533,-0.004754165
C16540,-0.00093888503
C16541,-0.00025198306
C16542,0.006682573
C16543,-0.009446254
C16544,-0.0018080348
C16545,-0.0038570573
C16546,0.0045038913
C16547,0.0007474979
C16548,-0.0022714527
C16549,0.004760068
C16550,-0.00091020204
C16551,-0.0013149285
C16552,-0.015631411
C16553,0.0029482201
C16554,0.00077363686
C16555,-0.0032262537
C16556,0.0019007998
C16557,-0.008718633
C16558,0.0036798222
C16559,0.003281648
C16560,0.0094544785
C16561,-0.003646767
C16562,0.010184779
C16563,0.004310695
C16564,0.0064034956
C16565,-0.010466517
C16566,-0.00068712514
C16567,-0.0048505757
C16568,-0.0013368048
C16569,0.010918148
C16570,-0.0061041247
C16571,-0.0024353077
C16572,-0.0014299948
C16576,0.0063760746
C16577,0.00058089395
C16578,0.00072562526
C16582,0.010491996
C16584,0.0025383956
C16586,-0.001258018
C16587,0.0031783932
C16591,-0.0143375965
C16592,0.009073468
C16595,0.00766073
C16596,0.003841495
C16601,-0.017075652
C16602,0.006842535
C16603,-9.132037e-05
C16604,0.0023937558
C16605,0.0024018593
C16606,0.00031068086
C16607,0.014258944
C16608,-0.0015963167
C16609,-0.003747648
C16610,0.004112888
C16612,-0.0015239296
C16613,0.004113714
C16614,-0.004584181
C16615,0.00069299666
C16616,-0.0025858586
C16617,0.0045777713
C16618,-0.001255365
C16619,0.0013197309
C16620,0.0014575622
C16621,0.011802428
C16622,0.0052461633
C16623,0.0032095762
C16624,-0.0067941714
C16625,0.00845634
C16630,0.0010065945
C16631,-0.002694354
C16632,-0.0040726056
C16633,0.0029640056
C16634,0.005474664
C16635,-0.004807472
C16638,0.0033083605
C16641,-0.0073199696
C16643,0.0025537407
C16645,-0.000755965
C16648,0.00072637293
C16649,0.005960651
C16650,0.005228864
C16651,0.0029612372
C16652,-0.0033236807
C16653,0.0038521213
C16654,0.014881389
C16655,-0.0044912924
C16656,0.01465451
C16657,-0.0036532625
C16658,-0.0018388014
C16659,7.705763e-06
C16660,-0.005150683
C16661,-0.01457764
C16662,-0.0018604223
C16663,0.0020860313
C16664,-0.0032993967
C16673,-0.0024181842
C16674,-0.019970328
C16675,-0.003699196
C16677,0.012642239
C16678,-0.00424145
C16679,-0.0029721318
C16680,-0.00048504397
C16681,-0.002009652
C16682,0.0037046028
C16683,0.0012949678
C16688,0.0018713931
C16692,0.008114711
C16695,0.0017120168
C16698,-0.004465864
C16737,-0.018514397
C16741,-0.00032681134
C16756,0.0035814685
C16826,-0.0017971992
C16844,-0.02040464
C16845,0.0005774137
C16999,0.0023681982
C17010,0.0059642945
C17017,0.0061788913
C17018,-0.002468306
C17022,-0.0036520357
C17027,0.00019174768
C17203,-0.004642409
C17267,0.00052515906
C17269,-0.004313341
C17279,0.00397051
C17322,-0.00022493128
C17326,-0.01066952
C17327,0.002454459
C17328,0.00044885662
C17331,-0.0013718886
C17332,9.306334e-05
C17333,-0.005460788
C17335,0.0022224723
C17336,-0.002074526
C17337,-0.005945428
C17339,-0.0005617266
C17343,-5.089934e-05
C17345,-0.0020814505
C17346,0.0028216927
C17401,0.0010335391
C17412,0.002862065
C17432,0.0015773615
C17530,-0.0003293251
C17551,0.00084637606
C17552,-0.0024366858
C17554,0.00026542466
C17559,3.651611e-05
C17570,0.0024641836
C17755,-0.012345735
C17935,0.0041839043
C17936,0.019911189
C17937,0.01701733
C17938,-0.008950019
C17940,-0.0030625644
C17941,-0.0037331989
C17942,-0.0027468204
C17943,0.0036353234
C17944,0.0013472526
C17945,0.0024128126
C17947,0.0025265478
C17948,-0.0014823515
C17949,-0.0049609737
C17950,-0.0034689605
C17951,-0.0010251047
C17952,0.002239485
C17960,-0.0010178753
C17961,0.002332337
C17962,-0.0050612926
C18021,0.011167643
C18022,5.2589923e-05
C18026,-0.003134103
C18028,-0.0026487387
C18038,-0.009916365
C18039,-0.0005141299
C18040,-0.0039099045
C18041,-0.0016745013
C18042,0.006362008
C18043,-0.0014035427
C18044,0.0013675168
C18045,-0.0006449877
C18049,-0.002411595
C18059,0.008680177
C18060,-0.002187437
C18064,-0.001137956
C18075,-0.0047317683
C18094,0.0034959265
C18096,-0.0018725691
C18098,-0.0012204244
C18125,-0.0045031114
C18126,8.174917e-05
C18129,0.00072271307
C18131,-0.00021926669
C18132,0.016523786
C18133,0.00011647347
C18134,-0.0006439717
C18135,0.002394637
C18151,-0.0019218614
C18152,-0.00040145137
C18153,-0.0011909374
C18154,8.3982246e-05
C18155,0.00241361
C18156,0.0011841852
C18157,-0.00046918157
C18160,-0.0042188987
C18161,0.0016266822
C18162,0.00039581733
C18163,0.0006881658
C18168,0.008186124
C18169,0.0039957585
C18172,0.0007073047
C18174,0.004840424
C18205,0.0029871846
C18231,-0.010174107
C18232,0.0062277815
C18237,0.002404986
C18239,0.0062885648
C18287,-0.022189124
C18319,0.007059047
C18321,0.004764705
C18324,0.00082845404
C18326,-0.00066093693
C18802,-0.005701101
C18870,0.0014522524
C18871,0.004403735
C18872,0.0006048018
C18893,0.0006824457
C18902,-0.0052171713
C18904,-0.0044421805
C18905,0.00553153
C18910,0.001293302
C18911,0.004935083
C18933,-0.046626527
C19164,-0.0051008305
C19171,0.020047233
C19180,-0.00021964218
C19190,-0.020136133
C19255,-7.8792684e-05
C19317,-0.0073038065
C19378,0.0010275369
C19488,-0.0057836967
C19489,0.006480331
C19490,0.01275691
C19525,0.0013973375
C19559,0.021765964
C19561,0.00015241839
C19562,-0.006537131
C19563,0.010665548
C19564,0.00364264
C19565,0.0017028069
C19566,-0.0074024852
C19567,0.031010898
C19568,0.0068351375
C19569,0.0016705293
C19574,-0.005907641
C19577,-0.0046370714
C19578,0.001659954
C19579,0.0016159397
C19580,0.0024995597
C19581,-0.010475707
C19582,0.006789814
C19585,-0.0138728535
C19586,-0.010916339
C19588,0.0018885267
C19589,0.0015735088
C19590,-0.006652132
C19591,-0.0007127591
C19592,0.0038223253
C19594,-0.0006544497
C19595,-0.0032146603
C19596,0.0017774324
C19602,-0.00092573697
C19603,-8.1240665e-05
C19604,0.0034978183
C19605,0.0071171955
C19606,-0.0051442115
C19607,0.0014550778
C19608,-0.002559062
C19609,-0.018290743
C19610,-0.024345478
C19631,0.011275552
C19673,-0.015580055
C19685,0.006326968
C19691,0.005874943
C19692,0.0016089147
C19706,0.0021081404
C19725,-0.005394597
C19745,0.002617306
C19757,-0.0023462372
C19760,-0.0065201
C19769,-0.004823803
C19787,-0.0023322632
C19794,-0.0023623845
C19799,0.0020960034
C19823,-0.004666034
C19845,-0.00047336868
C19846,-0.0008766368
C19847,0.00024485076
C19848,-0.0075112158
C19852,0.0046139765
C19853,-0.005635908
C19858,-0.0008770182
C19859,-0.0033637958
C19871,-0.0062237927
C19872,0.011595742
C19891,0.0045620073
C19912,-0.00063156994
C19913,0.016740654
C19937,0.001888919
C19945,0.006114728
C19946,-0.0052626072
C19961,0.008284506
C19971,-0.004425084
C19972,0.0064146146
C19975,0.001252095
C20062,-0.016833011
C20082,0.007571373
C20083,-0.00857814
C20120,0.0070524076
C20121,0.0051926207
C20171,-0.002218896
C20186,-0.017870873
C20231,-0.0041334517
C20237,0.003988528
C20238,-0.0010797118
C20239,-0.0009911319
C20246,-0.00014505466
C20247,0.017294582
C20248,0.0050407117
C20249,-0.0034671132
C20251,-0.001340305
C20253,-0.0008117047
C20254,-4.9516966e-05
C20264,-0.0016535195
C20265,0.011561965
C20267,-0.005909739
C20280,-0.0015850551
C20281,-0.0030715978
C20282,0.0033222688
C20283,-0.001171044
C20284,0.016726553
C20285,0.0032857715
C20286,0.00028912816
C20287,0.011596704
C20288,0.009787861
C20289,0.00059094094
C20290,-0.0019405832
C20291,-0.0005261842
C20293,3.9538834e-05
C20300,0.009455894
C20301,0.003467693
C20302,0.0028223805
C20303,0.0029131735
C20304,-0.0006005282
C20305,0.001640782
C20306,-0.003025597
C20316,0.00904787
C20319,0.0037507568
C20345,-0.006587089
C20357,-0.008731478
C20359,0.0038982246
C20361,-0.01264175
C20372,0.011535061
C20373,-0.008770684
C20374,0.0016449308
C20375,-0.0177228
C20376,0.0020877854
C20377,0.0036638654
C20378,0.0074627814
C20381,-0.013586306
C20384,-0.0024197674
C20385,0.0057418654
C20386,0.014127022
C20387,-0.003665419
C20395,0.0009309527
C20396,-0.020650955
C20418,0.0018070262
C20419,0.00513814
C20422,0.0018249021
C20423,0.0042510265
C20424,-0.0051756026
C20440,0.0042893407
C20466,0.0008808329
C20518,-0.00936163
C20522,-0.0011752837
C20559,0.0152931055
C20562,0.012154383
C20566,0.0056330995
C20567,0.0011681735
C20570,0.0018541279
C20571,-0.006598236
C20572,-0.004442373
C20573,-0.0022504944
C20589,0.0023904885
C20638,0.0024720135
C20640,0.0029049804
C20657,-0.012617584
C20666,-0.00082232186
C20672,0.0047493153
C20679,-0.0034388327
C20680,0.0002562967
C20683,-0.0135558415
C20690,-0.016203659
C20698,0.018361516
C20737,-0.0023383377
C20738,-9.283243e-05
C20772,-0.0018206793
C20773,-0.0011035458
C20781,0.0010110888
C20783,-0.0011344011
C20784,-0.00819791
C20792,0.012691933
C20793,-0.009616187
C20794,-0.0059865066
C20825,0.013470827
C20846,0.016432261
C20847,0.013588146
C20848,-0.0071455687
C20859,0.004340919
C20870,0.0010928917
C20876,0.0083916485
C20877,-0.0060569094
C20878,-0.0026589204
C20879,-0.00014776783
C20889,-0.005603534
C20896,0.0001755741
C20897,-0.012783491
C20898,-0.0070264935
C20934,0.007898938
C20935,-0.0042167013
C20948,0.018128414
C20949,0.0015506637
C20950,0.00012485147
C20951,-0.0025153933
C20955,0.0001774525
C20970,0.00016174256
C20971,0.0010990989
C20972,0.0015263007
C20973,0.00220545
C20986,-0.002112235
C20991,0.0053752526
C20994,0.0066727414
C20995,0.002432881
C21007,0.0037118313
C21008,-0.0055553196
C21011,0.026510386
C21012,0.018480312
C21013,-0.030582603
C21014,-0.018356645
C21015,0.0100720255
C21016,-0.005378375
C21017,0.0027452619
C21018,0.007295943
C21027,-0.008273978
C21028,-0.0031671822
C21029,-6.238624e-05
C21065,0.00024947152
C21066,-0.002012982
C21072,-0.007960324
C21075,-0.010351071
C21084,0.0015245562
C21094,0.008762356
C21106,0.008320457
C21107,-0.0064680483
C21144,-4.6783178e-05
C21154,0.010474401
C21214,-0.0007598554
C21215,0.0027629472
C21217,0.00072803884
C21250,-0.002369976
C21284,0.0010147155
C21310,0.001654016
C21372,0.0009228683
C21383,-0.0056431014
C21384,-0.006546657
C21390,-0.0036354698
C21403,0.0015477501
C21404,0.0045602685
C21427,0.006835794
C21428,2.235407e-05
C21429,-0.00021861796
C21431,0.001476275
C21432,-0.0012166817
C21433,0.001584711
C21434,-0.00019296492
C21435,-0.00038474775
C21478,-0.0016380327
C21479,0.0030092504
C21480,-0.023857053
C21481,-0.017735574
C21482,0.0029580663
C21483,-0.004691429
C21484,0.0024788068
C21485,7.426832e-06
C21486,-0.012514533
C21510,0.00031950395
C21511,-0.00056574936
C21512,-0.0016184107
C21582,0.0019981673
C21613,-0.0025536332
C21640,-0.0034402902
C21641,-0.015090076
C21642,-0.06702541
C21643,-0.0019606156
C21644,0.007244159
C21723,-0.0016662453
C21724,-7.298915e-05
C21748,0.0033483796
C21749,0.0058334563
C21750,0.005467724
C21751,-0.001062616
C21754,-0.0020668954
C21758,-0.014401147
C21759,0.0019140835
C21760,0.005281632
C21764,0.0020209271
C21790,0.023242982
C21791,0.0049180686
C21797,0.0022239168
C21835,0.0010908273
C21860,-0.0016117023
C21923,0.002449158
C21924,-0.005336672
C21932,0.0022049514
C21934,-0.0013299572
C21935,0.0027976448
C21937,0.011390667
C21939,0.008676916
C21941,-0.008749526
C21943,-0.008746798
C21945,-0.0041435296
C21947,0.0007347234
C21949,0.017610317
C21951,0.0029166183
C21953,0.0014941492
C21955,0.002598551
C21959,0.0058494806
C21961,0.0020454123
C21963,0.010995591
C21965,-0.009422533
C21967,0.0043098503
C21981,-0.011466987
C22006,0.0064184535
C22024,-0.00017153972
C22025,0.001514631
C22029,-0.0037633092
C22038,-0.014764408
C22039,0.0020047189
C22040,-0.019659702
C22112,-0.0046108435
C22116,-0.0058287308
C22119,-0.014111148
C22120,-0.014588833
C22121,-0.008369824
C22122,-0.013771448
C22123,0.005376096
C22136,-0.0006898849
C22159,-0.016772252
C22160,-0.0048369863
C22161,-0.003116572
C22202,0.0011341163
C22310,0.001745736
C22311,0.03116423
C22337,0.0035089897
C22338,0.0065529263
C22339,-0.0014839468
C22340,-0.0039033554
C22341,-0.005196424
C22342,0.0014069942
C22355,-0.00092317164
C22356,-0.00033871311
C22357,0.00044629595
C22359,0.006305298
C22381,0.025511442
C22395,0.024240743
C22441,0.00695609
C22442,-0.0007829742
C22443,-0.015127892
C22450,-0.0061118286
C22451,-0.01091816
C22453,0.0032088545
C22458,-0.0009601824
C22467,-0.004333329
C22499,0.0014112578
C22500,0.004432863
C22528,-3.907946e-05
C22531,-0.005502959
C22532,0.005524408
C22533,0.011425563
C22534,-0.007413949
C22535,0.021924578
C22536,-0.008684396
C22537,-0.0054296963
C22538,-0.006398032
C22539,-0.015051308
C22540,0.011239897
C22541,0.0046958313
C22542,0.0015088005
C22543,-0.0044195126
C22544,-0.005589384
C22545,-0.0004017913
C22546,0.0084142815
C22547,0.007493657
C22611,-0.0016685337
D00110,0.0154598225
D00125,0.0019244733
D00140,0.0036024284
D00142,0.002898603
D00184,-0.00378
D00186,0.00097447087
D00195,0.0060037733
D00201,-0.0013644383
D00214,0.0022635735
D00224,-0.0023669738
D00238,0.005116131
D00240,-0.0026077013
D00247,0.0006659004
D00252,0.002196698
D00295,0.0010831075
D00298,0.00088386144
D00318,0.0022360384
D00331,0.0037504747
D00333,0.0011700823
D00340,0.0016517442
D00343,0.0011646554
D00346,0.0037457536
D00353,0.00028440985
D00358,0.012429794
D00359,-0.002816167
D00399,-0.00068154675
D00400,-0.003539271
D00422,-0.005494743
D00427,0.0024927713
D00429,0.0044944156
D00439,0.0012018362
D00448,0.026927726
D00453,0.0043048384
D00456,0.0015153347
D00491,-0.0009545211
D00512,0.0037345258
D00521,-0.0010785611
D00533,-0.012770768
D00536,-0.0032296125
D00570,0.0053840852
D00584,0.005386509
D00590,-0.0029618884
D00636,0.0008774167
D00767,0.011081427
D00804,4.3936016e-05
D00842,-0.0022270014
D01061,-0.0013144033
D01223,0.0073106852
D01244,-0.0012241213
D01264,-0.0025685148
D01275,-0.0015216235
D01309,0.0038261826
D01421,0.003840908
D01745,-0.00014422776
D01784,0.0026946396
D01862,-0.0128801465
D02115,0.00065883994
D02166,0.005870701
D02214,0.00081453857
D02216,0.0013747206
D02271,-0.0024014602
D02356,-0.0027944436
D03130,0.0007733841
D03833,0.001206392
D03899,-0.0011776527
D04197,-0.0037869902
D04716,-0.0020969443
D04931,-0.0027677566
D05246,-0.0020881272
D06050,0.0012651378
D06074,-0.00039744354
D07445,0.00088078936
D07448,0.0014534221
D07538,0.00021418382
D07626,0.005969826
D07661,0.00075561274
D07704,0.010945886
D07760,-0.00979598
D07776,-0.0033716839
D07845,0.004562497
D07866,-0.0003918626
D07901,0.0020624846
D07907,-0.018109087
D07958,0.00088413805
D07986,0.0037443037
D07987,0.0007154356
D08066,0.014846895
D08086,-0.005612611
D08108,0.00023135985
D08144,0.0017622571
D08146,0.0018201212
D08195,0.0021766254
D08224,-0.0014866852
D08233,-0.00614405
D08234,0.018213231
D08259,0.0021726424
D08291,0.00056383666
D08306,0.0039571095
D08351,-0.001405667
D08411,0.0013849263
D08458,0.0017572786
D08492,-0.0014323806
D08524,0.008132772
D08559,0.001414441
D08603,0.0013956102
D08618,-0.00031803618
D08675,0.0028284313
D08679,-0.0019974695
D08836,0.0013874795
G00001,-0.0058053616
G00002,0.0008425922
G00003,0.020115905
G00004,-0.011255164
G00005,-0.009540081
G00006,0.0019570012
G00007,-0.004698094
G00008,-0.0065642595
G00009,0.06233383
G00010,0.06681686
G00011,0.015166262
G00012,0.016188098
G00013,0.00870261
G00014,-0.008414026
G00015,0.009715064
G00016,0.003884449
G00017,0.010146167
G00018,0.0031072255
G00019,0.0067344382
G00020,0.017293002
G00021,0.010706337
G00022,0.016540624
G00023,0.00094369275
G00024,-0.0049724253
G00025,0.01411204
G00026,-0.0038986444
G00027,0.0040716277
G00028,-0.007444881
G00029,0.0077411495
G00030,0.008213334
G00031,0.0008007974
G00032,0.0019357698
G00033,0.004044231
G00034,0.004091901
G00035,0.00040722586
G00036,-0.001636074
G00037,-0.000738412
G00038,0.012143846
G00039,-0.00092265254
G00040,-0.0012876928
G00042,0.0030747599
G00043,0.0040364414
G00044,-0.0022577958
G00045,0.0010619633
G00046,-0.0008018053
G00047,0.015493458
G00048,-0.010832091
G00050,-0.0013012685
G00051,-0.0043258243
G00052,0.006852283
G00054,-0.00083738484
G00055,0.0059417817
G00056,0.0060847444
G00057,-0.0067204214
G00058,0.0032874101
G00059,-0.00052204856
G00060,-0.009310716
G00061,-0.007223113
G00062,0.0008640118
G00063,0.002344943
G00064,-0.0013424193
G00066,0.0071511893
G00067,0.0055126734
G00068,0.0034962457
G00069,-0.0062328554
G00071,-0.005011529
G00072,0.00552471
G00073,-0.0061478973
G00074,0.034237735
G00075,0.001973195
G00076,0.00040597084
G00077,-0.0070218244
G00078,-0.0052771643
G00079,0.009364793
G00080,-0.003690769
G00081,0.005904423
G00082,-0.0039277677
G00083,-0.0025539524
G00084,-0.004706595
G00085,0.008907974
G00086,0.00180589
G00087,0.005226664
G00088,0.003475688
G00089,-0.004565079
G00090,0.00857949
G00091,0.00370619
G00092,-0.009105732
G00093,-0.0011321413
G00094,-0.0008122348
G00095,0.00097464083
G00096,0.00023445534
G00097,-0.0018553911
G00098,0.0014430897
G00099,-0.0018426953
G00100,-0.0022247352
G00101,0.0024118782
G00102,-0.002780775
G00103,-0.0009029582
G00104,0.0026476453
G00105,0.0025744606
G00106,0.002359357
G00107,-0.0059611783
G00108,-0.0046547605
G00109,0.00028972607
G00110,-0.0049672145
G00111,0.0015827335
G00112,0.0041751084
G00113,-0.0010473144
G00114,-0.002567389
G00115,0.0053891856
G00116,-0.00092151563
G00117,-0.0026536586
G00118,0.0062443716
G00119,-0.0007996011
G00120,-0.0048464015
G00121,-0.005896045
G00122,0.003678108
G00123,0.017170867
G00124,-0.01702754
G00125,0.012241891
G00126,-0.0035401809
G00127,0.013414178
G00128,0.0019934406
G00129,-0.0034146619
G00130,-0.0065104235
G00131,-0.0050813565
G00132,-0.0037198616
G00143,0.0030530617
G00144,0.0032305962
G00145,-0.0036073732
G00146,-0.00454599
G00148,-0.00346645
G00149,-0.012479018
G00154,-0.002084763
G00155,0.0027601197
G00156,-0.006192933
G00157,-0.0047203433
G00158,0.0013345184
G00159,-0.00025061786
G00160,0.002409412
G00162,0.015680375
G00163,-0.008924451
G00164,-0.016577523
G00166,-0.008639156
G00167,-0.003836615
G00168,0.017954536
G00169,-0.005137232
G00170,-0.0024323785
G00171,0.005253817
G00179,-0.011406291
G00181,0.0034188838
G00242,-0.0010425313
G00263,-0.001442983
G00369,-0.011723212
G00392,0.0014154505
G00403,-0.0008294687
G00428,-0.0018736441
G00457,-0.0021807465
G00526,-0.009717869
G00711,-0.00051024323
G00872,0.007608249
G00889,0.0039101522
G01391,-0.0018261692
G01813,0.0048557296
G01945,0.0012081246
G01977,-0.0021195102
G02632,-0.0020701867
G02977,0.0030591958
G05477,-0.0027369205
G09660,0.0067406623
G10008,0.001971433
G10505,0.08518146
G10526,-0.004267291
G10595,9.2823844e-05
G10596,-0.008618417
G10597,-0.006261011
G10598,0.0020074588
G10599,0.008837244
G10610,0.0037275297
G10611,-0.009341596
G10617,-0.0034247844
G10665,0.0063320226
G10694,0.041343987
G10716,0.008605706
G10770,0.006660652
G10794,0.014838534
G10841,-0.002689009
G10920,0.003683499
G11000,-0.0016422261
G11040,0.006015049
G11492,0.0060914503
G11933,0.0054568844
G12336,0.003956639
G12396,-0.0055491677
G12617,0.006123094
G12625,-0.0043676174
G12626,0.0031316578
G13026,0.0014433067
G13027,-0.001335135
G13028,0.0058220387
G13034,0.00764795
G13035,-0.00056423433
G13036,-0.005038919
G13037,-0.0041962536
G13038,0.0062523577
G13039,-0.0007181101
G13040,-0.0027793616
G13041,-0.008602234
G13042,-0.009556946
G13043,-0.0028711462
G13044,-0.0069842185
G13046,0.0007322435
G13047,0.00055925664
G13048,-0.0009803446
G13049,0.0047904123
G13050,-0.00510259
G13055,-0.0095590195
G13056,-0.010647522
G13057,-0.0019904184
G13058,0.003602943
G13059,0.008619736
G13063,0.0015981001
G13064,-0.0016001065
G13073,-0.009870452
G13074,0.000968163
G13080,-0.0023100025
G13081,-0.002348132
G13082,-0.0016099765
G13083,-0.0003976794
G13084,0.0015707458
G13085,0.0045200726
G13086,-0.0015764968
G13087,-0.001378987
G13088,-0.0020203711
G13089,-0.001933095
G13090,0.0011376495
G13091,-0.0018527687
G13092,5.735457e-05
G13093,-0.00079274643
G13094,0.002493903
G13095,-0.0016288321
G13096,-0.002454985
G13097,-0.0017237619
G13098,-0.0039762435
G13099,0.0001462971
G13100,-0.00014707813
G13101,-0.016558511
G13105,0.029521763
G13106,-0.0152992215
G13108,0.018459914
G13109,-0.012627205
G13112,-0.0031840997
G13113,-0.016046423
G13114,-0.026877325
G13115,-0.007936126
G13128,-0.0037866721
G13150,-0.011196171
G13151,0.002105027
G13152,-0.004233334
G13153,-0.003870933
anamycin and gentamicin biosynthesis - Homo sapiens (human),-0.0010076606
ecretion and action - Homo sapiens (human),-0.0020055822
erine and threonine metabolism - Homo sapiens (human),-0.009079945
eucine and isoleucine biosynthesis - Homo sapiens (human),0.0006879412
eucine and isoleucine degradation - Homo sapiens (human),-0.008643901
spartate and glutamate metabolism - Homo sapiens (human),0.0019433863
yrosine and tryptophan biosynthesis - Homo sapiens (human),-0.00037738192
