0,fanin,fanout,degree
C00001,14.0,1.0,15.0
C00002,22.0,1.0,23.0
C00003,10.0,1.0,11.0
C00004,4.0,1.0,5.0
C00005,6.0,1.0,7.0
C00006,8.0,1.0,9.0
C00007,7.0,1.0,8.0
C00008,13.0,1.0,14.0
C00009,5.0,1.0,6.0
C00010,7.0,1.0,8.0
C00011,12.0,1.0,13.0
C00012,2.0,1.0,3.0
C00013,3.0,1.0,4.0
C00014,9.0,1.0,10.0
C00015,2.0,1.0,3.0
C00016,2.0,1.0,3.0
C00017,2.0,1.0,3.0
C00018,3.0,1.0,4.0
C00019,4.0,1.0,5.0
C00020,18.0,1.0,19.0
C00021,2.0,1.0,3.0
C00022,27.0,1.0,28.0
C00023,1.0,1.0,2.0
C00024,28.0,1.0,29.0
C00025,36.0,1.0,37.0
C00026,16.0,1.0,17.0
C00027,31.0,1.0,32.0
C00029,6.0,1.0,7.0
C00031,23.0,1.0,24.0
C00032,4.0,1.0,5.0
C00033,11.0,1.0,12.0
C00034,2.0,1.0,3.0
C00035,5.0,1.0,6.0
C00036,8.0,1.0,9.0
C00037,16.0,1.0,17.0
C00038,3.0,1.0,4.0
C00039,8.0,1.0,9.0
C00040,9.0,1.0,10.0
C00041,10.0,1.0,11.0
C00042,15.0,1.0,16.0
C00043,3.0,1.0,4.0
C00044,8.0,1.0,9.0
C00046,5.0,1.0,6.0
C00047,6.0,1.0,7.0
C00048,4.0,1.0,5.0
C00049,12.0,1.0,13.0
C00051,8.0,1.0,9.0
C00052,2.0,1.0,3.0
C00053,4.0,1.0,5.0
C00054,5.0,1.0,6.0
C00055,1.0,1.0,2.0
C00058,4.0,1.0,5.0
C00059,4.0,1.0,5.0
C00061,3.0,1.0,4.0
C00062,12.0,1.0,13.0
C00063,2.0,1.0,3.0
C00064,15.0,1.0,16.0
C00065,12.0,1.0,13.0
C00068,6.0,1.0,7.0
C00070,6.0,1.0,7.0
C00071,1.0,1.0,2.0
C00072,4.0,1.0,5.0
C00073,6.0,1.0,7.0
C00074,7.0,1.0,8.0
C00075,2.0,1.0,3.0
C00076,119.0,1.0,120.0
C00077,5.0,1.0,6.0
C00078,7.0,1.0,8.0
C00079,7.0,1.0,8.0
C00080,23.0,1.0,24.0
C00081,1.0,1.0,2.0
C00082,14.0,1.0,15.0
C00083,10.0,1.0,11.0
C00084,10.0,1.0,11.0
C00085,7.0,1.0,8.0
C00086,7.0,1.0,8.0
C00087,1.0,1.0,2.0
C00088,2.0,1.0,3.0
C00089,5.0,1.0,6.0
C00091,5.0,1.0,6.0
C00092,9.0,1.0,10.0
C00093,4.0,1.0,5.0
C00094,3.0,1.0,4.0
C00095,8.0,1.0,9.0
C00096,4.0,1.0,5.0
C00097,12.0,1.0,13.0
C00098,1.0,1.0,2.0
C00099,6.0,1.0,7.0
C00100,3.0,1.0,4.0
C00101,3.0,1.0,4.0
C00103,7.0,1.0,8.0
C00104,1.0,1.0,2.0
C00105,1.0,1.0,2.0
C00106,3.0,1.0,4.0
C00107,1.0,1.0,2.0
C00108,1.0,1.0,2.0
C00109,2.0,1.0,3.0
C00110,1.0,1.0,2.0
C00111,10.0,1.0,11.0
C00112,1.0,1.0,2.0
C00114,5.0,1.0,6.0
C00116,7.0,1.0,8.0
C00117,5.0,1.0,6.0
C00118,9.0,1.0,10.0
C00119,5.0,1.0,6.0
C00120,3.0,1.0,4.0
C00121,2.0,1.0,3.0
C00122,12.0,1.0,13.0
C00123,7.0,1.0,8.0
C00124,3.0,1.0,4.0
C00127,5.0,1.0,6.0
C00128,1.0,1.0,2.0
C00129,2.0,1.0,3.0
C00130,2.0,1.0,3.0
C00131,1.0,1.0,2.0
C00132,1.0,1.0,2.0
C00133,2.0,1.0,3.0
C00134,5.0,1.0,6.0
C00135,7.0,1.0,8.0
C00136,5.0,1.0,6.0
C00137,5.0,1.0,6.0
C00140,2.0,1.0,3.0
C00141,1.0,1.0,2.0
C00143,1.0,1.0,2.0
C00144,5.0,1.0,6.0
C00146,3.0,1.0,4.0
C00147,1.0,1.0,2.0
C00148,7.0,1.0,8.0
C00149,9.0,1.0,10.0
C00151,2.0,1.0,3.0
C00152,4.0,1.0,5.0
C00153,2.0,1.0,3.0
C00154,7.0,1.0,8.0
C00155,3.0,1.0,4.0
C00156,2.0,1.0,3.0
C00157,6.0,1.0,7.0
C00158,5.0,1.0,6.0
C00159,6.0,1.0,7.0
C00160,1.0,1.0,2.0
C00162,16.0,1.0,17.0
C00163,4.0,1.0,5.0
C00164,3.0,1.0,4.0
C00165,75.0,1.0,76.0
C00166,2.0,1.0,3.0
C00167,3.0,1.0,4.0
C00168,1.0,1.0,2.0
C00169,4.0,1.0,5.0
C00170,1.0,1.0,2.0
C00173,2.0,1.0,3.0
C00175,1.0,1.0,2.0
C00178,1.0,1.0,2.0
C00179,1.0,1.0,2.0
C00181,3.0,1.0,4.0
C00182,1.0,1.0,2.0
C00183,6.0,1.0,7.0
C00184,1.0,1.0,2.0
C00185,2.0,1.0,3.0
C00186,8.0,1.0,9.0
C00187,14.0,1.0,15.0
C00188,6.0,1.0,7.0
C00189,2.0,1.0,3.0
C00190,1.0,1.0,2.0
C00191,4.0,1.0,5.0
C00192,1.0,1.0,2.0
C00194,1.0,1.0,2.0
C00195,9.0,1.0,10.0
C00197,7.0,1.0,8.0
C00198,1.0,1.0,2.0
C00199,3.0,1.0,4.0
C00203,1.0,1.0,2.0
C00204,2.0,1.0,3.0
C00206,1.0,1.0,2.0
C00207,1.0,1.0,2.0
C00208,4.0,1.0,5.0
C00209,2.0,1.0,3.0
C00212,12.0,1.0,13.0
C00213,1.0,1.0,2.0
C00214,1.0,1.0,2.0
C00216,3.0,1.0,4.0
C00217,1.0,1.0,2.0
C00219,20.0,1.0,21.0
C00221,2.0,1.0,3.0
C00222,4.0,1.0,5.0
C00223,2.0,1.0,3.0
C00224,2.0,1.0,3.0
C00226,1.0,1.0,2.0
C00227,2.0,1.0,3.0
C00229,3.0,1.0,4.0
C00231,4.0,1.0,5.0
C00232,4.0,1.0,5.0
C00234,2.0,1.0,3.0
C00235,2.0,1.0,3.0
C00236,2.0,1.0,3.0
C00238,45.0,1.0,46.0
C00239,1.0,1.0,2.0
C00242,1.0,1.0,2.0
C00243,3.0,1.0,4.0
C00244,2.0,1.0,3.0
C00245,5.0,1.0,6.0
C00246,3.0,1.0,4.0
C00247,1.0,1.0,2.0
C00249,4.0,1.0,5.0
C00250,2.0,1.0,3.0
C00251,2.0,1.0,3.0
C00252,1.0,1.0,2.0
C00253,2.0,1.0,3.0
C00255,3.0,1.0,4.0
C00256,1.0,1.0,2.0
C00257,1.0,1.0,2.0
C00258,3.0,1.0,4.0
C00259,4.0,1.0,5.0
C00262,1.0,1.0,2.0
C00263,2.0,1.0,3.0
C00264,1.0,1.0,2.0
C00266,4.0,1.0,5.0
C00267,5.0,1.0,6.0
C00268,1.0,1.0,2.0
C00269,2.0,1.0,3.0
C00270,1.0,1.0,2.0
C00272,2.0,1.0,3.0
C00275,3.0,1.0,4.0
C00279,2.0,1.0,3.0
C00280,5.0,1.0,6.0
C00282,2.0,1.0,3.0
C00283,2.0,1.0,3.0
C00286,1.0,1.0,2.0
C00288,11.0,1.0,12.0
C00290,3.0,1.0,4.0
C00291,2.0,1.0,3.0
C00294,2.0,1.0,3.0
C00295,1.0,1.0,2.0
C00299,2.0,1.0,3.0
C00300,1.0,1.0,2.0
C00301,1.0,1.0,2.0
C00305,4.0,1.0,5.0
C00306,1.0,1.0,2.0
C00307,2.0,1.0,3.0
C00309,1.0,1.0,2.0
C00310,1.0,1.0,2.0
C00311,4.0,1.0,5.0
C00312,1.0,1.0,2.0
C00313,1.0,1.0,2.0
C00314,1.0,1.0,2.0
C00315,5.0,1.0,6.0
C00318,3.0,1.0,4.0
C00319,4.0,1.0,5.0
C00320,2.0,1.0,3.0
C00322,2.0,1.0,3.0
C00325,2.0,1.0,3.0
C00327,1.0,1.0,2.0
C00328,2.0,1.0,3.0
C00329,1.0,1.0,2.0
C00330,2.0,1.0,3.0
C00331,1.0,1.0,2.0
C00332,7.0,1.0,8.0
C00333,4.0,1.0,5.0
C00334,14.0,1.0,15.0
C00337,1.0,1.0,2.0
C00338,13.0,1.0,14.0
C00340,1.0,1.0,2.0
C00341,2.0,1.0,3.0
C00344,1.0,1.0,2.0
C00345,1.0,1.0,2.0
C00346,4.0,1.0,5.0
C00350,7.0,1.0,8.0
C00352,3.0,1.0,4.0
C00353,2.0,1.0,3.0
C00354,3.0,1.0,4.0
C00355,7.0,1.0,8.0
C00356,3.0,1.0,4.0
C00357,1.0,1.0,2.0
C00360,1.0,1.0,2.0
C00361,1.0,1.0,2.0
C00362,1.0,1.0,2.0
C00363,1.0,1.0,2.0
C00364,1.0,1.0,2.0
C00365,1.0,1.0,2.0
C00366,2.0,1.0,3.0
C00369,5.0,1.0,6.0
C00372,1.0,1.0,2.0
C00374,2.0,1.0,3.0
C00376,3.0,1.0,4.0
C00378,4.0,1.0,5.0
C00379,2.0,1.0,3.0
C00380,1.0,1.0,2.0
C00381,1.0,1.0,2.0
C00383,3.0,1.0,4.0
C00385,2.0,1.0,3.0
C00386,2.0,1.0,3.0
C00387,2.0,1.0,3.0
C00388,8.0,1.0,9.0
C00389,1.0,1.0,2.0
C00390,2.0,1.0,3.0
C00392,2.0,1.0,3.0
C00394,2.0,1.0,3.0
C00398,2.0,1.0,3.0
C00399,1.0,1.0,2.0
C00400,1.0,1.0,2.0
C00401,1.0,1.0,2.0
C00402,1.0,1.0,2.0
C00406,1.0,1.0,2.0
C00407,6.0,1.0,7.0
C00408,1.0,1.0,2.0
C00409,2.0,1.0,3.0
C00410,13.0,1.0,14.0
C00412,1.0,1.0,2.0
C00415,2.0,1.0,3.0
C00416,11.0,1.0,12.0
C00417,2.0,1.0,3.0
C00418,2.0,1.0,3.0
C00422,8.0,1.0,9.0
C00423,2.0,1.0,3.0
C00424,3.0,1.0,4.0
C00426,2.0,1.0,3.0
C00427,5.0,1.0,6.0
C00429,3.0,1.0,4.0
C00430,2.0,1.0,3.0
C00431,3.0,1.0,4.0
C00433,3.0,1.0,4.0
C00434,1.0,1.0,2.0
C00435,1.0,1.0,2.0
C00436,1.0,1.0,2.0
C00437,1.0,1.0,2.0
C00438,1.0,1.0,2.0
C00439,1.0,1.0,2.0
C00440,1.0,1.0,2.0
C00441,2.0,1.0,3.0
C00445,1.0,1.0,2.0
C00446,2.0,1.0,3.0
C00448,2.0,1.0,3.0
C00449,1.0,1.0,2.0
C00450,1.0,1.0,2.0
C00455,1.0,1.0,2.0
C00458,1.0,1.0,2.0
C00459,1.0,1.0,2.0
C00460,1.0,1.0,2.0
C00461,1.0,1.0,2.0
C00463,2.0,1.0,3.0
C00464,2.0,1.0,3.0
C00468,3.0,1.0,4.0
C00469,6.0,1.0,7.0
C00470,2.0,1.0,3.0
C00471,1.0,1.0,2.0
C00472,1.0,1.0,2.0
C00473,2.0,1.0,3.0
C00474,2.0,1.0,3.0
C00475,2.0,1.0,3.0
C00476,1.0,1.0,2.0
C00479,1.0,1.0,2.0
C00483,3.0,1.0,4.0
C00486,2.0,1.0,3.0
C00487,2.0,1.0,3.0
C00488,1.0,1.0,2.0
C00489,2.0,1.0,3.0
C00491,4.0,1.0,5.0
C00492,2.0,1.0,3.0
C00497,1.0,1.0,2.0
C00498,2.0,1.0,3.0
C00499,1.0,1.0,2.0
C00500,1.0,1.0,2.0
C00501,2.0,1.0,3.0
C00502,1.0,1.0,2.0
C00503,1.0,1.0,2.0
C00504,4.0,1.0,5.0
C00506,3.0,1.0,4.0
C00507,1.0,1.0,2.0
C00508,1.0,1.0,2.0
C00510,1.0,1.0,2.0
C00512,1.0,1.0,2.0
C00513,1.0,1.0,2.0
C00514,1.0,1.0,2.0
C00515,1.0,1.0,2.0
C00517,1.0,1.0,2.0
C00518,2.0,1.0,3.0
C00519,1.0,1.0,2.0
C00522,1.0,1.0,2.0
C00523,1.0,1.0,2.0
C00524,2.0,1.0,3.0
C00526,2.0,1.0,3.0
C00527,3.0,1.0,4.0
C00530,2.0,1.0,3.0
C00532,1.0,1.0,2.0
C00533,36.0,1.0,37.0
C00534,2.0,1.0,3.0
C00535,5.0,1.0,6.0
C00536,1.0,1.0,2.0
C00541,1.0,1.0,2.0
C00544,2.0,1.0,3.0
C00545,1.0,1.0,2.0
C00546,3.0,1.0,4.0
C00547,13.0,1.0,14.0
C00550,3.0,1.0,4.0
C00551,1.0,1.0,2.0
C00552,1.0,1.0,2.0
C00555,2.0,1.0,3.0
C00558,3.0,1.0,4.0
C00559,2.0,1.0,3.0
C00568,1.0,1.0,2.0
C00570,1.0,1.0,2.0
C00573,2.0,1.0,3.0
C00575,71.0,1.0,72.0
C00577,4.0,1.0,5.0
C00580,1.0,1.0,2.0
C00581,1.0,1.0,2.0
C00582,1.0,1.0,2.0
C00583,1.0,1.0,2.0
C00584,17.0,1.0,18.0
C00588,2.0,1.0,3.0
C00593,1.0,1.0,2.0
C00596,1.0,1.0,2.0
C00601,1.0,1.0,2.0
C00603,1.0,1.0,2.0
C00605,1.0,1.0,2.0
C00606,2.0,1.0,3.0
C00607,3.0,1.0,4.0
C00617,2.0,1.0,3.0
C00618,2.0,1.0,3.0
C00620,2.0,1.0,3.0
C00621,1.0,1.0,2.0
C00623,1.0,1.0,2.0
C00624,2.0,1.0,3.0
C00627,1.0,1.0,2.0
C00628,1.0,1.0,2.0
C00631,6.0,1.0,7.0
C00632,1.0,1.0,2.0
C00634,2.0,1.0,3.0
C00636,2.0,1.0,3.0
C00637,1.0,1.0,2.0
C00638,4.0,1.0,5.0
C00639,7.0,1.0,8.0
C00640,1.0,1.0,2.0
C00641,5.0,1.0,6.0
C00642,2.0,1.0,3.0
C00643,2.0,1.0,3.0
C00644,1.0,1.0,2.0
C00645,1.0,1.0,2.0
C00647,2.0,1.0,3.0
C00652,1.0,1.0,2.0
C00655,1.0,1.0,2.0
C00658,1.0,1.0,2.0
C00663,1.0,1.0,2.0
C00664,1.0,1.0,2.0
C00665,4.0,1.0,5.0
C00666,1.0,1.0,2.0
C00668,6.0,1.0,7.0
C00669,2.0,1.0,3.0
C00670,3.0,1.0,4.0
C00672,2.0,1.0,3.0
C00673,1.0,1.0,2.0
C00674,1.0,1.0,2.0
C00679,1.0,1.0,2.0
C00680,1.0,1.0,2.0
C00681,10.0,1.0,11.0
C00683,2.0,1.0,3.0
C00684,1.0,1.0,2.0
C00685,1.0,1.0,2.0
C00689,2.0,1.0,3.0
C00691,1.0,1.0,2.0
C00692,1.0,1.0,2.0
C00693,1.0,1.0,2.0
C00695,2.0,1.0,3.0
C00696,6.0,1.0,7.0
C00697,1.0,1.0,2.0
C00698,17.0,1.0,18.0
C00700,1.0,1.0,2.0
C00704,16.0,1.0,17.0
C00705,1.0,1.0,2.0
C00707,1.0,1.0,2.0
C00708,1.0,1.0,2.0
C00712,2.0,1.0,3.0
C00714,3.0,1.0,4.0
C00718,1.0,1.0,2.0
C00719,1.0,1.0,2.0
C00721,1.0,1.0,2.0
C00726,1.0,1.0,2.0
C00734,1.0,1.0,2.0
C00735,8.0,1.0,9.0
C00739,2.0,1.0,3.0
C00740,2.0,1.0,3.0
C00741,1.0,1.0,2.0
C00745,4.0,1.0,5.0
C00748,1.0,1.0,2.0
C00750,5.0,1.0,6.0
C00751,1.0,1.0,2.0
C00752,1.0,1.0,2.0
C00757,1.0,1.0,2.0
C00760,2.0,1.0,3.0
C00762,4.0,1.0,5.0
C00763,2.0,1.0,3.0
C00777,7.0,1.0,8.0
C00778,1.0,1.0,2.0
C00780,10.0,1.0,11.0
C00785,1.0,1.0,2.0
C00788,7.0,1.0,8.0
C00789,2.0,1.0,3.0
C00791,1.0,1.0,2.0
C00792,1.0,1.0,2.0
C00793,2.0,1.0,3.0
C00794,4.0,1.0,5.0
C00795,1.0,1.0,2.0
C00798,1.0,1.0,2.0
C00800,2.0,1.0,3.0
C00802,1.0,1.0,2.0
C00804,2.0,1.0,3.0
C00805,1.0,1.0,2.0
C00808,1.0,1.0,2.0
C00809,1.0,1.0,2.0
C00810,1.0,1.0,2.0
C00811,2.0,1.0,3.0
C00813,1.0,1.0,2.0
C00817,1.0,1.0,2.0
C00818,1.0,1.0,2.0
C00819,1.0,1.0,2.0
C00820,1.0,1.0,2.0
C00822,1.0,1.0,2.0
C00823,1.0,1.0,2.0
C00827,1.0,1.0,2.0
C00828,2.0,1.0,3.0
C00829,1.0,1.0,2.0
C00831,1.0,1.0,2.0
C00835,1.0,1.0,2.0
C00836,2.0,1.0,3.0
C00847,1.0,1.0,2.0
C00853,1.0,1.0,2.0
C00855,2.0,1.0,3.0
C00857,1.0,1.0,2.0
C00860,1.0,1.0,2.0
C00861,1.0,1.0,2.0
C00864,3.0,1.0,4.0
C00865,5.0,1.0,6.0
C00868,1.0,1.0,2.0
C00873,4.0,1.0,5.0
C00877,5.0,1.0,6.0
C00878,1.0,1.0,2.0
C00879,1.0,1.0,2.0
C00880,1.0,1.0,2.0
C00881,2.0,1.0,3.0
C00882,1.0,1.0,2.0
C00884,1.0,1.0,2.0
C00885,1.0,1.0,2.0
C00886,1.0,1.0,2.0
C00887,1.0,1.0,2.0
C00888,1.0,1.0,2.0
C00894,2.0,1.0,3.0
C00898,1.0,1.0,2.0
C00899,1.0,1.0,2.0
C00903,1.0,1.0,2.0
C00905,1.0,1.0,2.0
C00909,2.0,1.0,3.0
C00919,1.0,1.0,2.0
C00921,1.0,1.0,2.0
C00922,1.0,1.0,2.0
C00925,5.0,1.0,6.0
C00931,1.0,1.0,2.0
C00935,1.0,1.0,2.0
C00937,1.0,1.0,2.0
C00942,16.0,1.0,17.0
C00951,12.0,1.0,13.0
C00954,1.0,1.0,2.0
C00955,1.0,1.0,2.0
C00956,1.0,1.0,2.0
C00957,1.0,1.0,2.0
C00958,1.0,1.0,2.0
C00963,1.0,1.0,2.0
C00965,2.0,1.0,3.0
C00966,1.0,1.0,2.0
C00969,1.0,1.0,2.0
C00971,1.0,1.0,2.0
C00973,2.0,1.0,3.0
C00975,1.0,1.0,2.0
C00976,2.0,1.0,3.0
C00978,1.0,1.0,2.0
C00979,3.0,1.0,4.0
C00984,2.0,1.0,3.0
C00986,2.0,1.0,3.0
C00988,1.0,1.0,2.0
C00989,1.0,1.0,2.0
C00990,1.0,1.0,2.0
C00992,1.0,1.0,2.0
C00993,1.0,1.0,2.0
C00996,1.0,1.0,2.0
C00999,1.0,1.0,2.0
C01005,2.0,1.0,3.0
C01007,1.0,1.0,2.0
C01010,1.0,1.0,2.0
C01013,3.0,1.0,4.0
C01019,3.0,1.0,4.0
C01020,1.0,1.0,2.0
C01024,1.0,1.0,2.0
C01035,1.0,1.0,2.0
C01036,1.0,1.0,2.0
C01037,1.0,1.0,2.0
C01040,1.0,1.0,2.0
C01041,1.0,1.0,2.0
C01043,1.0,1.0,2.0
C01044,1.0,1.0,2.0
C01045,1.0,1.0,2.0
C01050,1.0,1.0,2.0
C01051,1.0,1.0,2.0
C01053,1.0,1.0,2.0
C01054,1.0,1.0,2.0
C01056,1.0,1.0,2.0
C01059,1.0,1.0,2.0
C01060,2.0,1.0,3.0
C01061,1.0,1.0,2.0
C01063,1.0,1.0,2.0
C01065,1.0,1.0,2.0
C01068,2.0,1.0,3.0
C01073,1.0,1.0,2.0
C01074,1.0,1.0,2.0
C01077,1.0,1.0,2.0
C01079,1.0,1.0,2.0
C01081,1.0,1.0,2.0
C01083,2.0,1.0,3.0
C01087,1.0,1.0,2.0
C01088,1.0,1.0,2.0
C01089,2.0,1.0,3.0
C01092,1.0,1.0,2.0
C01094,1.0,1.0,2.0
C01096,1.0,1.0,2.0
C01097,1.0,1.0,2.0
C01099,1.0,1.0,2.0
C01100,1.0,1.0,2.0
C01101,2.0,1.0,3.0
C01103,1.0,1.0,2.0
C01107,1.0,1.0,2.0
C01110,2.0,1.0,3.0
C01111,1.0,1.0,2.0
C01113,1.0,1.0,2.0
C01114,1.0,1.0,2.0
C01115,1.0,1.0,2.0
C01118,2.0,1.0,3.0
C01120,2.0,1.0,3.0
C01124,2.0,1.0,3.0
C01126,1.0,1.0,2.0
C01127,1.0,1.0,2.0
C01131,1.0,1.0,2.0
C01132,2.0,1.0,3.0
C01134,1.0,1.0,2.0
C01137,2.0,1.0,3.0
C01142,1.0,1.0,2.0
C01143,1.0,1.0,2.0
C01144,4.0,1.0,5.0
C01146,2.0,1.0,3.0
C01149,1.0,1.0,2.0
C01151,2.0,1.0,3.0
C01152,1.0,1.0,2.0
C01153,1.0,1.0,2.0
C01157,3.0,1.0,4.0
C01159,1.0,1.0,2.0
C01161,5.0,1.0,6.0
C01164,1.0,1.0,2.0
C01165,1.0,1.0,2.0
C01168,1.0,1.0,2.0
C01170,1.0,1.0,2.0
C01172,4.0,1.0,5.0
C01176,4.0,1.0,5.0
C01177,3.0,1.0,4.0
C01179,2.0,1.0,3.0
C01180,2.0,1.0,3.0
C01181,2.0,1.0,3.0
C01182,2.0,1.0,3.0
C01185,1.0,1.0,2.0
C01186,1.0,1.0,2.0
C01189,1.0,1.0,2.0
C01190,1.0,1.0,2.0
C01194,8.0,1.0,9.0
C01198,1.0,1.0,2.0
C01203,2.0,1.0,3.0
C01204,2.0,1.0,3.0
C01205,1.0,1.0,2.0
C01209,2.0,1.0,3.0
C01210,1.0,1.0,2.0
C01211,1.0,1.0,2.0
C01213,2.0,1.0,3.0
C01215,1.0,1.0,2.0
C01216,1.0,1.0,2.0
C01217,1.0,1.0,2.0
C01218,1.0,1.0,2.0
C01219,1.0,1.0,2.0
C01220,2.0,1.0,3.0
C01222,2.0,1.0,3.0
C01226,1.0,1.0,2.0
C01227,4.0,1.0,5.0
C01228,1.0,1.0,2.0
C01230,1.0,1.0,2.0
C01231,1.0,1.0,2.0
C01233,2.0,1.0,3.0
C01234,1.0,1.0,2.0
C01235,1.0,1.0,2.0
C01236,1.0,1.0,2.0
C01241,1.0,1.0,2.0
C01243,2.0,1.0,3.0
C01245,81.0,1.0,82.0
C01246,1.0,1.0,2.0
C01249,1.0,1.0,2.0
C01250,2.0,1.0,3.0
C01251,1.0,1.0,2.0
C01252,1.0,1.0,2.0
C01259,1.0,1.0,2.0
C01260,1.0,1.0,2.0
C01261,1.0,1.0,2.0
C01262,2.0,1.0,3.0
C01264,1.0,1.0,2.0
C01267,1.0,1.0,2.0
C01268,1.0,1.0,2.0
C01270,1.0,1.0,2.0
C01271,1.0,1.0,2.0
C01272,2.0,1.0,3.0
C01277,3.0,1.0,4.0
C01279,2.0,1.0,3.0
C01284,2.0,1.0,3.0
C01286,1.0,1.0,2.0
C01290,1.0,1.0,2.0
C01297,1.0,1.0,2.0
C01300,1.0,1.0,2.0
C01301,1.0,1.0,2.0
C01304,2.0,1.0,3.0
C01312,6.0,1.0,7.0
C01319,1.0,1.0,2.0
C01322,1.0,1.0,2.0
C01327,2.0,1.0,3.0
C01330,43.0,1.0,44.0
C01342,1.0,1.0,2.0
C01344,1.0,1.0,2.0
C01345,1.0,1.0,2.0
C01346,1.0,1.0,2.0
C01352,2.0,1.0,3.0
C01353,6.0,1.0,7.0
C01355,2.0,1.0,3.0
C01358,1.0,1.0,2.0
C01367,1.0,1.0,2.0
C01368,1.0,1.0,2.0
C01371,1.0,1.0,2.0
C01380,1.0,1.0,2.0
C01382,1.0,1.0,2.0
C01384,3.0,1.0,4.0
C01390,1.0,1.0,2.0
C01405,1.0,1.0,2.0
C01407,1.0,1.0,2.0
C01412,1.0,1.0,2.0
C01413,1.0,1.0,2.0
C01417,2.0,1.0,3.0
C01419,1.0,1.0,2.0
C01438,2.0,1.0,3.0
C01443,1.0,1.0,2.0
C01444,1.0,1.0,2.0
C01451,2.0,1.0,3.0
C01468,1.0,1.0,2.0
C01471,3.0,1.0,4.0
C01487,2.0,1.0,3.0
C01490,1.0,1.0,2.0
C01498,1.0,1.0,2.0
C01508,1.0,1.0,2.0
C01516,2.0,1.0,3.0
C01528,1.0,1.0,2.0
C01530,2.0,1.0,3.0
C01558,2.0,1.0,3.0
C01561,2.0,1.0,3.0
C01563,2.0,1.0,3.0
C01571,1.0,1.0,2.0
C01576,1.0,1.0,2.0
C01595,2.0,1.0,3.0
C01596,1.0,1.0,2.0
C01598,3.0,1.0,4.0
C01606,1.0,1.0,2.0
C01613,1.0,1.0,2.0
C01620,1.0,1.0,2.0
C01623,1.0,1.0,2.0
C01630,1.0,1.0,2.0
C01667,2.0,1.0,3.0
C01672,4.0,1.0,5.0
C01673,4.0,1.0,5.0
C01674,2.0,1.0,3.0
C01678,1.0,1.0,2.0
C01682,2.0,1.0,3.0
C01684,1.0,1.0,2.0
C01693,1.0,1.0,2.0
C01694,1.0,1.0,2.0
C01697,1.0,1.0,2.0
C01708,1.0,1.0,2.0
C01715,1.0,1.0,2.0
C01717,1.0,1.0,2.0
C01720,1.0,1.0,2.0
C01721,1.0,1.0,2.0
C01724,1.0,1.0,2.0
C01725,1.0,1.0,2.0
C01726,1.0,1.0,2.0
C01727,1.0,1.0,2.0
C01732,1.0,1.0,2.0
C01746,1.0,1.0,2.0
C01747,1.0,1.0,2.0
C01753,1.0,1.0,2.0
C01762,3.0,1.0,4.0
C01768,1.0,1.0,2.0
C01769,1.0,1.0,2.0
C01772,1.0,1.0,2.0
C01780,3.0,1.0,4.0
C01782,1.0,1.0,2.0
C01788,1.0,1.0,2.0
C01789,1.0,1.0,2.0
C01794,1.0,1.0,2.0
C01801,1.0,1.0,2.0
C01802,1.0,1.0,2.0
C01817,1.0,1.0,2.0
C01825,1.0,1.0,2.0
C01829,6.0,1.0,7.0
C01832,2.0,1.0,3.0
C01834,1.0,1.0,2.0
C01835,2.0,1.0,3.0
C01844,1.0,1.0,2.0
C01845,1.0,1.0,2.0
C01847,1.0,1.0,2.0
C01850,1.0,1.0,2.0
C01861,1.0,1.0,2.0
C01879,1.0,1.0,2.0
C01885,5.0,1.0,6.0
C01894,1.0,1.0,2.0
C01898,1.0,1.0,2.0
C01902,1.0,1.0,2.0
C01904,1.0,1.0,2.0
C01909,1.0,1.0,2.0
C01921,3.0,1.0,4.0
C01929,1.0,1.0,2.0
C01931,1.0,1.0,2.0
C01934,1.0,1.0,2.0
C01935,2.0,1.0,3.0
C01937,1.0,1.0,2.0
C01943,1.0,1.0,2.0
C01944,3.0,1.0,4.0
C01946,1.0,1.0,2.0
C01953,5.0,1.0,6.0
C01959,1.0,1.0,2.0
C01962,1.0,1.0,2.0
C01987,1.0,1.0,2.0
C01989,1.0,1.0,2.0
C01990,1.0,1.0,2.0
C01996,14.0,1.0,15.0
C02002,1.0,1.0,2.0
C02041,1.0,1.0,2.0
C02047,1.0,1.0,2.0
C02049,1.0,1.0,2.0
C02050,1.0,1.0,2.0
C02051,1.0,1.0,2.0
C02059,2.0,1.0,3.0
C02067,1.0,1.0,2.0
C02075,2.0,1.0,3.0
C02084,1.0,1.0,2.0
C02090,1.0,1.0,2.0
C02091,1.0,1.0,2.0
C02094,2.0,1.0,3.0
C02110,2.0,1.0,3.0
C02112,2.0,1.0,3.0
C02123,1.0,1.0,2.0
C02133,1.0,1.0,2.0
C02135,4.0,1.0,5.0
C02137,1.0,1.0,2.0
C02139,1.0,1.0,2.0
C02140,4.0,1.0,5.0
C02141,1.0,1.0,2.0
C02147,1.0,1.0,2.0
C02160,1.0,1.0,2.0
C02161,1.0,1.0,2.0
C02163,1.0,1.0,2.0
C02165,6.0,1.0,7.0
C02166,6.0,1.0,7.0
C02167,1.0,1.0,2.0
C02170,2.0,1.0,3.0
C02172,1.0,1.0,2.0
C02188,1.0,1.0,2.0
C02189,4.0,1.0,5.0
C02191,1.0,1.0,2.0
C02198,4.0,1.0,5.0
C02199,1.0,1.0,2.0
C02218,1.0,1.0,2.0
C02220,1.0,1.0,2.0
C02225,1.0,1.0,2.0
C02232,1.0,1.0,2.0
C02237,1.0,1.0,2.0
C02249,3.0,1.0,4.0
C02262,1.0,1.0,2.0
C02265,3.0,1.0,4.0
C02266,1.0,1.0,2.0
C02273,2.0,1.0,3.0
C02280,2.0,1.0,3.0
C02282,1.0,1.0,2.0
C02291,1.0,1.0,2.0
C02295,1.0,1.0,2.0
C02298,1.0,1.0,2.0
C02301,1.0,1.0,2.0
C02305,1.0,1.0,2.0
C02320,2.0,1.0,3.0
C02321,1.0,1.0,2.0
C02331,1.0,1.0,2.0
C02335,2.0,1.0,3.0
C02336,1.0,1.0,2.0
C02348,1.0,1.0,2.0
C02350,1.0,1.0,2.0
C02352,1.0,1.0,2.0
C02353,1.0,1.0,2.0
C02354,1.0,1.0,2.0
C02355,1.0,1.0,2.0
C02356,1.0,1.0,2.0
C02373,1.0,1.0,2.0
C02376,1.0,1.0,2.0
C02380,2.0,1.0,3.0
C02389,1.0,1.0,2.0
C02405,1.0,1.0,2.0
C02411,1.0,1.0,2.0
C02412,1.0,1.0,2.0
C02426,1.0,1.0,2.0
C02430,1.0,1.0,2.0
C02431,1.0,1.0,2.0
C02442,1.0,1.0,2.0
C02457,1.0,1.0,2.0
C02463,1.0,1.0,2.0
C02465,7.0,1.0,8.0
C02469,1.0,1.0,2.0
C02470,1.0,1.0,2.0
C02474,1.0,1.0,2.0
C02477,3.0,1.0,4.0
C02483,1.0,1.0,2.0
C02488,1.0,1.0,2.0
C02492,1.0,1.0,2.0
C02504,1.0,1.0,2.0
C02505,1.0,1.0,2.0
C02514,1.0,1.0,2.0
C02515,2.0,1.0,3.0
C02527,1.0,1.0,2.0
C02528,2.0,1.0,3.0
C02530,7.0,1.0,8.0
C02535,1.0,1.0,2.0
C02537,1.0,1.0,2.0
C02538,2.0,1.0,3.0
C02553,1.0,1.0,2.0
C02554,1.0,1.0,2.0
C02565,1.0,1.0,2.0
C02571,1.0,1.0,2.0
C02575,1.0,1.0,2.0
C02587,1.0,1.0,2.0
C02588,1.0,1.0,2.0
C02591,1.0,1.0,2.0
C02593,2.0,1.0,3.0
C02617,1.0,1.0,2.0
C02630,1.0,1.0,2.0
C02632,1.0,1.0,2.0
C02642,3.0,1.0,4.0
C02647,1.0,1.0,2.0
C02656,1.0,1.0,2.0
C02669,1.0,1.0,2.0
C02670,1.0,1.0,2.0
C02679,1.0,1.0,2.0
C02686,1.0,1.0,2.0
C02693,1.0,1.0,2.0
C02700,1.0,1.0,2.0
C02702,1.0,1.0,2.0
C02713,1.0,1.0,2.0
C02714,1.0,1.0,2.0
C02718,1.0,1.0,2.0
C02727,1.0,1.0,2.0
C02730,1.0,1.0,2.0
C02737,4.0,1.0,5.0
C02739,1.0,1.0,2.0
C02741,1.0,1.0,2.0
C02753,1.0,1.0,2.0
C02763,1.0,1.0,2.0
C02773,1.0,1.0,2.0
C02775,1.0,1.0,2.0
C02798,1.0,1.0,2.0
C02800,1.0,1.0,2.0
C02814,1.0,1.0,2.0
C02823,1.0,1.0,2.0
C02835,1.0,1.0,2.0
C02839,1.0,1.0,2.0
C02843,4.0,1.0,5.0
C02855,1.0,1.0,2.0
C02876,1.0,1.0,2.0
C02880,1.0,1.0,2.0
C02888,1.0,1.0,2.0
C02892,1.0,1.0,2.0
C02918,2.0,1.0,3.0
C02930,1.0,1.0,2.0
C02934,1.0,1.0,2.0
C02937,1.0,1.0,2.0
C02938,1.0,1.0,2.0
C02946,1.0,1.0,2.0
C02949,1.0,1.0,2.0
C02953,1.0,1.0,2.0
C02960,1.0,1.0,2.0
C02962,1.0,1.0,2.0
C02972,1.0,1.0,2.0
C02977,2.0,1.0,3.0
C02984,1.0,1.0,2.0
C02985,2.0,1.0,3.0
C02987,2.0,1.0,3.0
C02988,1.0,1.0,2.0
C02989,1.0,1.0,2.0
C02990,1.0,1.0,2.0
C02991,1.0,1.0,2.0
C02992,1.0,1.0,2.0
C02995,1.0,1.0,2.0
C03012,2.0,1.0,3.0
C03021,1.0,1.0,2.0
C03028,1.0,1.0,2.0
C03029,1.0,1.0,2.0
C03033,3.0,1.0,4.0
C03035,1.0,1.0,2.0
C03043,1.0,1.0,2.0
C03044,1.0,1.0,2.0
C03046,1.0,1.0,2.0
C03056,1.0,1.0,2.0
C03058,1.0,1.0,2.0
C03063,1.0,1.0,2.0
C03064,1.0,1.0,2.0
C03077,1.0,1.0,2.0
C03078,1.0,1.0,2.0
C03082,1.0,1.0,2.0
C03087,1.0,1.0,2.0
C03089,1.0,1.0,2.0
C03090,1.0,1.0,2.0
C03114,2.0,1.0,3.0
C03117,2.0,1.0,3.0
C03125,1.0,1.0,2.0
C03127,1.0,1.0,2.0
C03145,1.0,1.0,2.0
C03149,1.0,1.0,2.0
C03150,1.0,1.0,2.0
C03160,1.0,1.0,2.0
C03166,1.0,1.0,2.0
C03167,1.0,1.0,2.0
C03170,1.0,1.0,2.0
C03179,1.0,1.0,2.0
C03194,1.0,1.0,2.0
C03196,1.0,1.0,2.0
C03201,1.0,1.0,2.0
C03205,2.0,1.0,3.0
C03217,1.0,1.0,2.0
C03221,2.0,1.0,3.0
C03227,1.0,1.0,2.0
C03230,1.0,1.0,2.0
C03232,1.0,1.0,2.0
C03239,2.0,1.0,3.0
C03242,2.0,1.0,3.0
C03248,1.0,1.0,2.0
C03259,1.0,1.0,2.0
C03262,1.0,1.0,2.0
C03263,1.0,1.0,2.0
C03267,1.0,1.0,2.0
C03273,1.0,1.0,2.0
C03277,1.0,1.0,2.0
C03287,1.0,1.0,2.0
C03289,1.0,1.0,2.0
C03291,2.0,1.0,3.0
C03294,1.0,1.0,2.0
C03296,1.0,1.0,2.0
C03313,1.0,1.0,2.0
C03323,1.0,1.0,2.0
C03341,1.0,1.0,2.0
C03366,1.0,1.0,2.0
C03372,2.0,1.0,3.0
C03373,3.0,1.0,4.0
C03375,1.0,1.0,2.0
C03378,1.0,1.0,2.0
C03379,1.0,1.0,2.0
C03383,1.0,1.0,2.0
C03393,1.0,1.0,2.0
C03402,1.0,1.0,2.0
C03405,1.0,1.0,2.0
C03406,1.0,1.0,2.0
C03409,1.0,1.0,2.0
C03410,1.0,1.0,2.0
C03415,1.0,1.0,2.0
C03428,1.0,1.0,2.0
C03434,1.0,1.0,2.0
C03440,1.0,1.0,2.0
C03451,1.0,1.0,2.0
C03453,1.0,1.0,2.0
C03454,1.0,1.0,2.0
C03455,1.0,1.0,2.0
C03458,1.0,1.0,2.0
C03459,1.0,1.0,2.0
C03461,1.0,1.0,2.0
C03479,1.0,1.0,2.0
C03483,1.0,1.0,2.0
C03492,2.0,1.0,3.0
C03511,1.0,1.0,2.0
C03512,1.0,1.0,2.0
C03516,1.0,1.0,2.0
C03519,1.0,1.0,2.0
C03539,1.0,1.0,2.0
C03541,1.0,1.0,2.0
C03546,2.0,1.0,3.0
C03547,1.0,1.0,2.0
C03548,1.0,1.0,2.0
C03557,2.0,1.0,3.0
C03561,3.0,1.0,4.0
C03564,2.0,1.0,3.0
C03574,1.0,1.0,2.0
C03577,1.0,1.0,2.0
C03582,1.0,1.0,2.0
C03589,1.0,1.0,2.0
C03594,1.0,1.0,2.0
C03595,1.0,1.0,2.0
C03598,1.0,1.0,2.0
C03599,1.0,1.0,2.0
C03611,1.0,1.0,2.0
C03614,1.0,1.0,2.0
C03618,1.0,1.0,2.0
C03619,1.0,1.0,2.0
C03621,1.0,1.0,2.0
C03622,2.0,1.0,3.0
C03640,1.0,1.0,2.0
C03642,1.0,1.0,2.0
C03646,1.0,1.0,2.0
C03652,1.0,1.0,2.0
C03656,1.0,1.0,2.0
C03657,1.0,1.0,2.0
C03659,1.0,1.0,2.0
C03660,1.0,1.0,2.0
C03680,1.0,1.0,2.0
C03681,1.0,1.0,2.0
C03684,1.0,1.0,2.0
C03688,1.0,1.0,2.0
C03690,1.0,1.0,2.0
C03691,1.0,1.0,2.0
C03692,1.0,1.0,2.0
C03715,1.0,1.0,2.0
C03722,3.0,1.0,4.0
C03733,2.0,1.0,3.0
C03740,1.0,1.0,2.0
C03741,1.0,1.0,2.0
C03747,1.0,1.0,2.0
C03752,1.0,1.0,2.0
C03758,13.0,1.0,14.0
C03765,1.0,1.0,2.0
C03771,2.0,1.0,3.0
C03772,1.0,1.0,2.0
C03780,1.0,1.0,2.0
C03785,1.0,1.0,2.0
C03793,1.0,1.0,2.0
C03794,1.0,1.0,2.0
C03819,1.0,1.0,2.0
C03820,1.0,1.0,2.0
C03824,1.0,1.0,2.0
C03826,2.0,1.0,3.0
C03827,1.0,1.0,2.0
C03838,1.0,1.0,2.0
C03845,1.0,1.0,2.0
C03852,1.0,1.0,2.0
C03862,1.0,1.0,2.0
C03872,1.0,1.0,2.0
C03892,1.0,1.0,2.0
C03906,1.0,1.0,2.0
C03912,1.0,1.0,2.0
C03917,3.0,1.0,4.0
C03920,1.0,1.0,2.0
C03921,1.0,1.0,2.0
C03933,1.0,1.0,2.0
C03935,1.0,1.0,2.0
C03939,1.0,1.0,2.0
C03943,1.0,1.0,2.0
C03964,2.0,1.0,3.0
C03968,1.0,1.0,2.0
C03974,1.0,1.0,2.0
C03979,1.0,1.0,2.0
C03981,1.0,1.0,2.0
C03990,1.0,1.0,2.0
C03993,1.0,1.0,2.0
C03997,1.0,1.0,2.0
C04001,1.0,1.0,2.0
C04006,2.0,1.0,3.0
C04020,1.0,1.0,2.0
C04022,1.0,1.0,2.0
C04037,2.0,1.0,3.0
C04042,1.0,1.0,2.0
C04043,2.0,1.0,3.0
C04044,1.0,1.0,2.0
C04045,1.0,1.0,2.0
C04046,1.0,1.0,2.0
C04051,1.0,1.0,2.0
C04052,1.0,1.0,2.0
C04053,1.0,1.0,2.0
C04056,1.0,1.0,2.0
C04062,2.0,1.0,3.0
C04063,2.0,1.0,3.0
C04076,1.0,1.0,2.0
C04079,1.0,1.0,2.0
C04088,2.0,1.0,3.0
C04089,1.0,1.0,2.0
C04092,1.0,1.0,2.0
C04106,1.0,1.0,2.0
C04114,1.0,1.0,2.0
C04122,1.0,1.0,2.0
C04133,1.0,1.0,2.0
C04137,2.0,1.0,3.0
C04145,2.0,1.0,3.0
C04146,1.0,1.0,2.0
C04148,1.0,1.0,2.0
C04180,1.0,1.0,2.0
C04185,1.0,1.0,2.0
C04186,1.0,1.0,2.0
C04188,1.0,1.0,2.0
C04216,1.0,1.0,2.0
C04225,1.0,1.0,2.0
C04226,1.0,1.0,2.0
C04227,1.0,1.0,2.0
C04230,2.0,1.0,3.0
C04233,1.0,1.0,2.0
C04242,1.0,1.0,2.0
C04244,1.0,1.0,2.0
C04246,1.0,1.0,2.0
C04257,1.0,1.0,2.0
C04260,1.0,1.0,2.0
C04272,1.0,1.0,2.0
C04281,1.0,1.0,2.0
C04282,1.0,1.0,2.0
C04287,1.0,1.0,2.0
C04294,1.0,1.0,2.0
C04295,2.0,1.0,3.0
C04297,1.0,1.0,2.0
C04308,1.0,1.0,2.0
C04315,1.0,1.0,2.0
C04317,1.0,1.0,2.0
C04327,1.0,1.0,2.0
C04332,1.0,1.0,2.0
C04348,1.0,1.0,2.0
C04349,1.0,1.0,2.0
C04352,1.0,1.0,2.0
C04361,1.0,1.0,2.0
C04368,1.0,1.0,2.0
C04373,1.0,1.0,2.0
C04376,1.0,1.0,2.0
C04392,1.0,1.0,2.0
C04409,1.0,1.0,2.0
C04437,1.0,1.0,2.0
C04438,1.0,1.0,2.0
C04442,1.0,1.0,2.0
C04454,1.0,1.0,2.0
C04457,1.0,1.0,2.0
C04475,1.0,1.0,2.0
C04477,2.0,1.0,3.0
C04479,1.0,1.0,2.0
C04483,1.0,1.0,2.0
C04487,1.0,1.0,2.0
C04494,1.0,1.0,2.0
C04501,1.0,1.0,2.0
C04506,1.0,1.0,2.0
C04517,1.0,1.0,2.0
C04518,1.0,1.0,2.0
C04520,1.0,1.0,2.0
C04525,1.0,1.0,2.0
C04534,1.0,1.0,2.0
C04536,1.0,1.0,2.0
C04546,1.0,1.0,2.0
C04549,14.0,1.0,15.0
C04554,1.0,1.0,2.0
C04555,2.0,1.0,3.0
C04556,1.0,1.0,2.0
C04563,1.0,1.0,2.0
C04573,1.0,1.0,2.0
C04574,1.0,1.0,2.0
C04575,2.0,1.0,3.0
C04577,1.0,1.0,2.0
C04579,1.0,1.0,2.0
C04582,1.0,1.0,2.0
C04590,1.0,1.0,2.0
C04593,1.0,1.0,2.0
C04598,3.0,1.0,4.0
C04599,2.0,1.0,3.0
C04604,1.0,1.0,2.0
C04613,1.0,1.0,2.0
C04618,1.0,1.0,2.0
C04619,1.0,1.0,2.0
C04620,1.0,1.0,2.0
C04623,2.0,1.0,3.0
C04630,1.0,1.0,2.0
C04631,1.0,1.0,2.0
C04633,1.0,1.0,2.0
C04635,1.0,1.0,2.0
C04637,13.0,1.0,14.0
C04638,1.0,1.0,2.0
C04640,1.0,1.0,2.0
C04642,1.0,1.0,2.0
C04646,1.0,1.0,2.0
C04650,1.0,1.0,2.0
C04666,1.0,1.0,2.0
C04671,1.0,1.0,2.0
C04672,1.0,1.0,2.0
C04676,1.0,1.0,2.0
C04677,3.0,1.0,4.0
C04688,1.0,1.0,2.0
C04690,1.0,1.0,2.0
C04707,1.0,1.0,2.0
C04717,1.0,1.0,2.0
C04722,1.0,1.0,2.0
C04732,1.0,1.0,2.0
C04734,1.0,1.0,2.0
C04737,1.0,1.0,2.0
C04742,2.0,1.0,3.0
C04748,1.0,1.0,2.0
C04751,1.0,1.0,2.0
C04752,1.0,1.0,2.0
C04756,1.0,1.0,2.0
C04758,1.0,1.0,2.0
C04773,1.0,1.0,2.0
C04778,1.0,1.0,2.0
C04780,1.0,1.0,2.0
C04785,1.0,1.0,2.0
C04796,1.0,1.0,2.0
C04797,1.0,1.0,2.0
C04805,2.0,1.0,3.0
C04807,1.0,1.0,2.0
C04822,2.0,1.0,3.0
C04823,1.0,1.0,2.0
C04835,1.0,1.0,2.0
C04853,1.0,1.0,2.0
C04872,1.0,1.0,2.0
C04874,1.0,1.0,2.0
C04895,1.0,1.0,2.0
C04896,1.0,1.0,2.0
C04911,1.0,1.0,2.0
C04916,1.0,1.0,2.0
C05005,1.0,1.0,2.0
C05011,1.0,1.0,2.0
C05102,1.0,1.0,2.0
C05103,1.0,1.0,2.0
C05107,1.0,1.0,2.0
C05108,1.0,1.0,2.0
C05109,1.0,1.0,2.0
C05113,1.0,1.0,2.0
C05122,4.0,1.0,5.0
C05123,1.0,1.0,2.0
C05125,3.0,1.0,4.0
C05127,1.0,1.0,2.0
C05130,1.0,1.0,2.0
C05131,1.0,1.0,2.0
C05133,1.0,1.0,2.0
C05135,1.0,1.0,2.0
C05138,4.0,1.0,5.0
C05139,1.0,1.0,2.0
C05140,1.0,1.0,2.0
C05141,1.0,1.0,2.0
C05144,1.0,1.0,2.0
C05147,1.0,1.0,2.0
C05151,1.0,1.0,2.0
C05161,2.0,1.0,3.0
C05172,1.0,1.0,2.0
C05212,1.0,1.0,2.0
C05223,1.0,1.0,2.0
C05231,1.0,1.0,2.0
C05235,1.0,1.0,2.0
C05239,1.0,1.0,2.0
C05258,2.0,1.0,3.0
C05259,2.0,1.0,3.0
C05260,2.0,1.0,3.0
C05261,2.0,1.0,3.0
C05262,2.0,1.0,3.0
C05263,2.0,1.0,3.0
C05264,2.0,1.0,3.0
C05265,2.0,1.0,3.0
C05266,2.0,1.0,3.0
C05267,2.0,1.0,3.0
C05268,2.0,1.0,3.0
C05269,2.0,1.0,3.0
C05270,2.0,1.0,3.0
C05271,2.0,1.0,3.0
C05272,2.0,1.0,3.0
C05273,2.0,1.0,3.0
C05274,2.0,1.0,3.0
C05275,2.0,1.0,3.0
C05276,2.0,1.0,3.0
C05279,1.0,1.0,2.0
C05280,1.0,1.0,2.0
C05281,1.0,1.0,2.0
C05284,1.0,1.0,2.0
C05285,1.0,1.0,2.0
C05290,1.0,1.0,2.0
C05291,1.0,1.0,2.0
C05293,1.0,1.0,2.0
C05294,1.0,1.0,2.0
C05295,1.0,1.0,2.0
C05296,1.0,1.0,2.0
C05297,1.0,1.0,2.0
C05298,1.0,1.0,2.0
C05299,1.0,1.0,2.0
C05300,1.0,1.0,2.0
C05301,3.0,1.0,4.0
C05302,1.0,1.0,2.0
C05306,1.0,1.0,2.0
C05307,1.0,1.0,2.0
C05309,1.0,1.0,2.0
C05324,1.0,1.0,2.0
C05332,1.0,1.0,2.0
C05335,1.0,1.0,2.0
C05336,1.0,1.0,2.0
C05337,1.0,1.0,2.0
C05338,1.0,1.0,2.0
C05340,1.0,1.0,2.0
C05341,1.0,1.0,2.0
C05345,4.0,1.0,5.0
C05349,1.0,1.0,2.0
C05350,1.0,1.0,2.0
C05356,3.0,1.0,4.0
C05361,2.0,1.0,3.0
C05371,1.0,1.0,2.0
C05377,1.0,1.0,2.0
C05378,3.0,1.0,4.0
C05379,1.0,1.0,2.0
C05380,1.0,1.0,2.0
C05381,1.0,1.0,2.0
C05382,1.0,1.0,2.0
C05385,3.0,1.0,4.0
C05392,1.0,1.0,2.0
C05396,1.0,1.0,2.0
C05399,1.0,1.0,2.0
C05400,1.0,1.0,2.0
C05401,2.0,1.0,3.0
C05402,2.0,1.0,3.0
C05404,1.0,1.0,2.0
C05411,2.0,1.0,3.0
C05412,2.0,1.0,3.0
C05422,2.0,1.0,3.0
C05427,2.0,1.0,3.0
C05437,1.0,1.0,2.0
C05439,1.0,1.0,2.0
C05440,1.0,1.0,2.0
C05441,1.0,1.0,2.0
C05442,1.0,1.0,2.0
C05443,3.0,1.0,4.0
C05444,1.0,1.0,2.0
C05445,1.0,1.0,2.0
C05446,1.0,1.0,2.0
C05447,1.0,1.0,2.0
C05448,1.0,1.0,2.0
C05449,1.0,1.0,2.0
C05451,1.0,1.0,2.0
C05452,1.0,1.0,2.0
C05453,1.0,1.0,2.0
C05454,1.0,1.0,2.0
C05455,1.0,1.0,2.0
C05460,1.0,1.0,2.0
C05465,3.0,1.0,4.0
C05466,3.0,1.0,4.0
C05467,1.0,1.0,2.0
C05468,1.0,1.0,2.0
C05469,1.0,1.0,2.0
C05470,1.0,1.0,2.0
C05471,1.0,1.0,2.0
C05472,1.0,1.0,2.0
C05473,1.0,1.0,2.0
C05474,1.0,1.0,2.0
C05475,1.0,1.0,2.0
C05476,1.0,1.0,2.0
C05477,1.0,1.0,2.0
C05478,1.0,1.0,2.0
C05479,1.0,1.0,2.0
C05480,1.0,1.0,2.0
C05481,1.0,1.0,2.0
C05482,1.0,1.0,2.0
C05483,1.0,1.0,2.0
C05484,1.0,1.0,2.0
C05485,1.0,1.0,2.0
C05487,1.0,1.0,2.0
C05488,3.0,1.0,4.0
C05489,1.0,1.0,2.0
C05490,1.0,1.0,2.0
C05497,1.0,1.0,2.0
C05498,1.0,1.0,2.0
C05499,1.0,1.0,2.0
C05500,1.0,1.0,2.0
C05501,1.0,1.0,2.0
C05502,1.0,1.0,2.0
C05503,2.0,1.0,3.0
C05504,1.0,1.0,2.0
C05512,2.0,1.0,3.0
C05513,1.0,1.0,2.0
C05515,1.0,1.0,2.0
C05516,1.0,1.0,2.0
C05524,1.0,1.0,2.0
C05526,1.0,1.0,2.0
C05527,1.0,1.0,2.0
C05528,1.0,1.0,2.0
C05544,1.0,1.0,2.0
C05545,1.0,1.0,2.0
C05546,1.0,1.0,2.0
C05548,1.0,1.0,2.0
C05551,1.0,1.0,2.0
C05552,2.0,1.0,3.0
C05565,1.0,1.0,2.0
C05568,1.0,1.0,2.0
C05570,1.0,1.0,2.0
C05571,1.0,1.0,2.0
C05572,1.0,1.0,2.0
C05575,1.0,1.0,2.0
C05576,1.0,1.0,2.0
C05577,1.0,1.0,2.0
C05578,1.0,1.0,2.0
C05579,1.0,1.0,2.0
C05580,1.0,1.0,2.0
C05581,1.0,1.0,2.0
C05582,2.0,1.0,3.0
C05583,1.0,1.0,2.0
C05584,1.0,1.0,2.0
C05585,1.0,1.0,2.0
C05587,2.0,1.0,3.0
C05588,1.0,1.0,2.0
C05589,1.0,1.0,2.0
C05593,2.0,1.0,3.0
C05594,1.0,1.0,2.0
C05595,1.0,1.0,2.0
C05596,1.0,1.0,2.0
C05598,1.0,1.0,2.0
C05600,1.0,1.0,2.0
C05604,1.0,1.0,2.0
C05606,1.0,1.0,2.0
C05607,1.0,1.0,2.0
C05620,1.0,1.0,2.0
C05629,1.0,1.0,2.0
C05634,1.0,1.0,2.0
C05635,2.0,1.0,3.0
C05636,1.0,1.0,2.0
C05637,1.0,1.0,2.0
C05638,1.0,1.0,2.0
C05639,1.0,1.0,2.0
C05640,1.0,1.0,2.0
C05641,1.0,1.0,2.0
C05642,1.0,1.0,2.0
C05643,1.0,1.0,2.0
C05644,1.0,1.0,2.0
C05645,1.0,1.0,2.0
C05646,1.0,1.0,2.0
C05647,1.0,1.0,2.0
C05648,1.0,1.0,2.0
C05651,1.0,1.0,2.0
C05652,1.0,1.0,2.0
C05653,1.0,1.0,2.0
C05654,1.0,1.0,2.0
C05655,1.0,1.0,2.0
C05656,1.0,1.0,2.0
C05658,1.0,1.0,2.0
C05659,1.0,1.0,2.0
C05660,1.0,1.0,2.0
C05663,1.0,1.0,2.0
C05665,2.0,1.0,3.0
C05668,2.0,1.0,3.0
C05669,1.0,1.0,2.0
C05670,1.0,1.0,2.0
C05672,1.0,1.0,2.0
C05673,1.0,1.0,2.0
C05674,1.0,1.0,2.0
C05675,1.0,1.0,2.0
C05676,1.0,1.0,2.0
C05677,1.0,1.0,2.0
C05678,1.0,1.0,2.0
C05679,1.0,1.0,2.0
C05680,1.0,1.0,2.0
C05681,2.0,1.0,3.0
C05682,1.0,1.0,2.0
C05683,1.0,1.0,2.0
C05684,1.0,1.0,2.0
C05686,1.0,1.0,2.0
C05688,1.0,1.0,2.0
C05689,1.0,1.0,2.0
C05690,1.0,1.0,2.0
C05695,1.0,1.0,2.0
C05697,1.0,1.0,2.0
C05698,1.0,1.0,2.0
C05699,1.0,1.0,2.0
C05703,1.0,1.0,2.0
C05726,1.0,1.0,2.0
C05727,1.0,1.0,2.0
C05729,1.0,1.0,2.0
C05730,1.0,1.0,2.0
C05731,1.0,1.0,2.0
C05744,1.0,1.0,2.0
C05745,1.0,1.0,2.0
C05746,1.0,1.0,2.0
C05747,1.0,1.0,2.0
C05748,1.0,1.0,2.0
C05749,1.0,1.0,2.0
C05750,1.0,1.0,2.0
C05751,1.0,1.0,2.0
C05752,2.0,1.0,3.0
C05753,1.0,1.0,2.0
C05754,1.0,1.0,2.0
C05755,1.0,1.0,2.0
C05756,1.0,1.0,2.0
C05757,1.0,1.0,2.0
C05758,1.0,1.0,2.0
C05759,1.0,1.0,2.0
C05760,1.0,1.0,2.0
C05761,1.0,1.0,2.0
C05762,1.0,1.0,2.0
C05763,1.0,1.0,2.0
C05764,2.0,1.0,3.0
C05766,1.0,1.0,2.0
C05767,1.0,1.0,2.0
C05768,1.0,1.0,2.0
C05769,1.0,1.0,2.0
C05770,1.0,1.0,2.0
C05772,1.0,1.0,2.0
C05773,1.0,1.0,2.0
C05774,1.0,1.0,2.0
C05775,1.0,1.0,2.0
C05776,2.0,1.0,3.0
C05777,1.0,1.0,2.0
C05778,1.0,1.0,2.0
C05779,1.0,1.0,2.0
C05780,1.0,1.0,2.0
C05781,1.0,1.0,2.0
C05782,1.0,1.0,2.0
C05783,1.0,1.0,2.0
C05784,1.0,1.0,2.0
C05785,1.0,1.0,2.0
C05786,1.0,1.0,2.0
C05787,1.0,1.0,2.0
C05789,1.0,1.0,2.0
C05790,1.0,1.0,2.0
C05791,1.0,1.0,2.0
C05793,1.0,1.0,2.0
C05794,1.0,1.0,2.0
C05795,1.0,1.0,2.0
C05796,1.0,1.0,2.0
C05797,1.0,1.0,2.0
C05798,1.0,1.0,2.0
C05807,1.0,1.0,2.0
C05817,1.0,1.0,2.0
C05819,1.0,1.0,2.0
C05822,1.0,1.0,2.0
C05823,1.0,1.0,2.0
C05824,1.0,1.0,2.0
C05825,2.0,1.0,3.0
C05827,1.0,1.0,2.0
C05828,1.0,1.0,2.0
C05829,1.0,1.0,2.0
C05830,1.0,1.0,2.0
C05831,1.0,1.0,2.0
C05832,1.0,1.0,2.0
C05834,1.0,1.0,2.0
C05835,1.0,1.0,2.0
C05837,1.0,1.0,2.0
C05840,1.0,1.0,2.0
C05841,1.0,1.0,2.0
C05842,1.0,1.0,2.0
C05843,1.0,1.0,2.0
C05844,1.0,1.0,2.0
C05847,1.0,1.0,2.0
C05848,1.0,1.0,2.0
C05849,1.0,1.0,2.0
C05852,1.0,1.0,2.0
C05853,1.0,1.0,2.0
C05856,1.0,1.0,2.0
C05859,1.0,1.0,2.0
C05912,1.0,1.0,2.0
C05913,1.0,1.0,2.0
C05914,1.0,1.0,2.0
C05915,1.0,1.0,2.0
C05916,1.0,1.0,2.0
C05917,1.0,1.0,2.0
C05921,1.0,1.0,2.0
C05922,1.0,1.0,2.0
C05923,1.0,1.0,2.0
C05924,2.0,1.0,3.0
C05925,1.0,1.0,2.0
C05926,1.0,1.0,2.0
C05927,1.0,1.0,2.0
C05931,1.0,1.0,2.0
C05932,1.0,1.0,2.0
C05933,1.0,1.0,2.0
C05936,1.0,1.0,2.0
C05938,1.0,1.0,2.0
C05939,1.0,1.0,2.0
C05941,1.0,1.0,2.0
C05942,1.0,1.0,2.0
C05944,1.0,1.0,2.0
C05945,1.0,1.0,2.0
C05946,1.0,1.0,2.0
C05947,1.0,1.0,2.0
C05949,1.0,1.0,2.0
C05950,1.0,1.0,2.0
C05951,4.0,1.0,5.0
C05952,3.0,1.0,4.0
C05953,2.0,1.0,3.0
C05954,2.0,1.0,3.0
C05955,2.0,1.0,3.0
C05956,3.0,1.0,4.0
C05957,2.0,1.0,3.0
C05958,1.0,1.0,2.0
C05959,1.0,1.0,2.0
C05960,1.0,1.0,2.0
C05961,1.0,1.0,2.0
C05962,1.0,1.0,2.0
C05963,3.0,1.0,4.0
C05964,2.0,1.0,3.0
C05965,3.0,1.0,4.0
C05966,4.0,1.0,5.0
C05973,1.0,1.0,2.0
C05974,1.0,1.0,2.0
C05976,1.0,1.0,2.0
C05977,1.0,1.0,2.0
C05979,1.0,1.0,2.0
C05980,1.0,1.0,2.0
C05981,72.0,1.0,73.0
C05983,1.0,1.0,2.0
C05984,1.0,1.0,2.0
C05989,1.0,1.0,2.0
C05993,2.0,1.0,3.0
C05994,1.0,1.0,2.0
C05995,1.0,1.0,2.0
C05996,1.0,1.0,2.0
C06002,1.0,1.0,2.0
C06010,2.0,1.0,3.0
C06019,1.0,1.0,2.0
C06023,1.0,1.0,2.0
C06027,1.0,1.0,2.0
C06028,1.0,1.0,2.0
C06037,1.0,1.0,2.0
C06038,1.0,1.0,2.0
C06040,1.0,1.0,2.0
C06041,1.0,1.0,2.0
C06042,1.0,1.0,2.0
C06044,1.0,1.0,2.0
C06046,1.0,1.0,2.0
C06047,1.0,1.0,2.0
C06048,1.0,1.0,2.0
C06049,1.0,1.0,2.0
C06050,1.0,1.0,2.0
C06051,1.0,1.0,2.0
C06052,1.0,1.0,2.0
C06054,1.0,1.0,2.0
C06055,1.0,1.0,2.0
C06056,1.0,1.0,2.0
C06058,1.0,1.0,2.0
C06062,1.0,1.0,2.0
C06081,2.0,1.0,3.0
C06108,1.0,1.0,2.0
C06112,1.0,1.0,2.0
C06113,1.0,1.0,2.0
C06118,1.0,1.0,2.0
C06124,8.0,1.0,9.0
C06125,1.0,1.0,2.0
C06126,1.0,1.0,2.0
C06127,1.0,1.0,2.0
C06128,1.0,1.0,2.0
C06142,1.0,1.0,2.0
C06143,1.0,1.0,2.0
C06144,1.0,1.0,2.0
C06145,1.0,1.0,2.0
C06146,1.0,1.0,2.0
C06148,1.0,1.0,2.0
C06153,1.0,1.0,2.0
C06156,3.0,1.0,4.0
C06174,1.0,1.0,2.0
C06178,1.0,1.0,2.0
C06186,1.0,1.0,2.0
C06187,1.0,1.0,2.0
C06188,1.0,1.0,2.0
C06192,1.0,1.0,2.0
C06193,1.0,1.0,2.0
C06194,1.0,1.0,2.0
C06195,1.0,1.0,2.0
C06196,1.0,1.0,2.0
C06197,1.0,1.0,2.0
C06198,1.0,1.0,2.0
C06199,1.0,1.0,2.0
C06201,1.0,1.0,2.0
C06205,1.0,1.0,2.0
C06207,1.0,1.0,2.0
C06212,1.0,1.0,2.0
C06213,1.0,1.0,2.0
C06215,1.0,1.0,2.0
C06227,1.0,1.0,2.0
C06229,1.0,1.0,2.0
C06230,1.0,1.0,2.0
C06232,1.0,1.0,2.0
C06240,1.0,1.0,2.0
C06241,1.0,1.0,2.0
C06250,1.0,1.0,2.0
C06254,1.0,1.0,2.0
C06268,2.0,1.0,3.0
C06269,1.0,1.0,2.0
C06311,1.0,1.0,2.0
C06313,1.0,1.0,2.0
C06314,3.0,1.0,4.0
C06315,1.0,1.0,2.0
C06316,1.0,1.0,2.0
C06319,1.0,1.0,2.0
C06320,1.0,1.0,2.0
C06341,1.0,1.0,2.0
C06364,1.0,1.0,2.0
C06365,1.0,1.0,2.0
C06367,1.0,1.0,2.0
C06368,1.0,1.0,2.0
C06376,1.0,1.0,2.0
C06377,2.0,1.0,3.0
C06399,1.0,1.0,2.0
C06400,1.0,1.0,2.0
C06406,1.0,1.0,2.0
C06407,1.0,1.0,2.0
C06408,1.0,1.0,2.0
C06416,1.0,1.0,2.0
C06419,1.0,1.0,2.0
C06423,2.0,1.0,3.0
C06424,1.0,1.0,2.0
C06425,1.0,1.0,2.0
C06426,2.0,1.0,3.0
C06427,2.0,1.0,3.0
C06428,1.0,1.0,2.0
C06429,1.0,1.0,2.0
C06433,1.0,1.0,2.0
C06435,1.0,1.0,2.0
C06441,1.0,1.0,2.0
C06451,1.0,1.0,2.0
C06455,1.0,1.0,2.0
C06456,1.0,1.0,2.0
C06457,1.0,1.0,2.0
C06459,1.0,1.0,2.0
C06462,1.0,1.0,2.0
C06473,1.0,1.0,2.0
C06481,2.0,1.0,3.0
C06482,2.0,1.0,3.0
C06503,1.0,1.0,2.0
C06504,1.0,1.0,2.0
C06505,1.0,1.0,2.0
C06506,1.0,1.0,2.0
C06507,1.0,1.0,2.0
C06508,1.0,1.0,2.0
C06509,1.0,1.0,2.0
C06510,1.0,1.0,2.0
C06526,2.0,1.0,3.0
C06547,2.0,1.0,3.0
C06548,1.0,1.0,2.0
C06570,1.0,1.0,2.0
C06687,1.0,1.0,2.0
C06688,1.0,1.0,2.0
C06696,1.0,1.0,2.0
C06697,1.0,1.0,2.0
C06705,1.0,1.0,2.0
C06706,1.0,1.0,2.0
C06707,1.0,1.0,2.0
C06735,1.0,1.0,2.0
C06752,1.0,1.0,2.0
C06754,2.0,1.0,3.0
C06755,1.0,1.0,2.0
C06767,1.0,1.0,2.0
C06771,1.0,1.0,2.0
C06772,1.0,1.0,2.0
C06790,2.0,1.0,3.0
C06793,2.0,1.0,3.0
C06800,3.0,1.0,4.0
C06804,1.0,1.0,2.0
C06810,1.0,1.0,2.0
C06837,1.0,1.0,2.0
C06865,1.0,1.0,2.0
C06866,1.0,1.0,2.0
C06868,1.0,1.0,2.0
C06880,1.0,1.0,2.0
C06890,1.0,1.0,2.0
C06892,1.0,1.0,2.0
C06893,1.0,1.0,2.0
C06899,1.0,1.0,2.0
C06916,1.0,1.0,2.0
C06956,1.0,1.0,2.0
C06986,1.0,1.0,2.0
C06999,1.0,1.0,2.0
C07014,1.0,1.0,2.0
C07020,1.0,1.0,2.0
C07047,1.0,1.0,2.0
C07051,1.0,1.0,2.0
C07054,1.0,1.0,2.0
C07056,1.0,1.0,2.0
C07065,1.0,1.0,2.0
C07073,1.0,1.0,2.0
C07086,1.0,1.0,2.0
C07108,1.0,1.0,2.0
C07122,1.0,1.0,2.0
C07130,1.0,1.0,2.0
C07151,3.0,1.0,4.0
C07163,1.0,1.0,2.0
C07184,1.0,1.0,2.0
C07185,2.0,1.0,3.0
C07201,1.0,1.0,2.0
C07207,1.0,1.0,2.0
C07210,1.0,1.0,2.0
C07240,1.0,1.0,2.0
C07289,1.0,1.0,2.0
C07294,1.0,1.0,2.0
C07295,1.0,1.0,2.0
C07308,1.0,1.0,2.0
C07335,1.0,1.0,2.0
C07338,1.0,1.0,2.0
C07354,1.0,1.0,2.0
C07394,1.0,1.0,2.0
C07434,1.0,1.0,2.0
C07446,1.0,1.0,2.0
C07447,1.0,1.0,2.0
C07480,1.0,1.0,2.0
C07481,1.0,1.0,2.0
C07490,1.0,1.0,2.0
C07492,1.0,1.0,2.0
C07493,1.0,1.0,2.0
C07495,1.0,1.0,2.0
C07496,1.0,1.0,2.0
C07501,1.0,1.0,2.0
C07512,1.0,1.0,2.0
C07535,4.0,1.0,5.0
C07557,3.0,1.0,4.0
C07572,1.0,1.0,2.0
C07585,1.0,1.0,2.0
C07593,2.0,1.0,3.0
C07600,1.0,1.0,2.0
C07639,1.0,1.0,2.0
C07641,1.0,1.0,2.0
C07643,1.0,1.0,2.0
C07644,1.0,1.0,2.0
C07645,1.0,1.0,2.0
C07646,1.0,1.0,2.0
C07647,1.0,1.0,2.0
C07648,1.0,1.0,2.0
C07649,2.0,1.0,3.0
C07653,2.0,1.0,3.0
C07660,1.0,1.0,2.0
C07662,1.0,1.0,2.0
C07663,1.0,1.0,2.0
C07712,1.0,1.0,2.0
C07888,1.0,1.0,2.0
C07909,2.0,1.0,3.0
C07966,1.0,1.0,2.0
C08012,1.0,1.0,2.0
C08150,1.0,1.0,2.0
C08262,1.0,1.0,2.0
C08276,2.0,1.0,3.0
C08281,1.0,1.0,2.0
C08313,1.0,1.0,2.0
C08316,1.0,1.0,2.0
C08320,1.0,1.0,2.0
C08323,1.0,1.0,2.0
C08357,2.0,1.0,3.0
C08358,1.0,1.0,2.0
C08359,1.0,1.0,2.0
C08362,1.0,1.0,2.0
C08439,1.0,1.0,2.0
C08491,1.0,1.0,2.0
C08492,1.0,1.0,2.0
C08813,1.0,1.0,2.0
C08821,1.0,1.0,2.0
C08822,1.0,1.0,2.0
C08830,1.0,1.0,2.0
C09155,1.0,1.0,2.0
C09179,1.0,1.0,2.0
C09306,1.0,1.0,2.0
C09332,1.0,1.0,2.0
C09731,1.0,1.0,2.0
C09844,1.0,1.0,2.0
C09955,1.0,1.0,2.0
C10164,1.0,1.0,2.0
C10447,1.0,1.0,2.0
C10497,1.0,1.0,2.0
C10793,1.0,1.0,2.0
C10998,2.0,1.0,3.0
C11004,1.0,1.0,2.0
C11036,1.0,1.0,2.0
C11038,1.0,1.0,2.0
C11039,1.0,1.0,2.0
C11042,1.0,1.0,2.0
C11045,1.0,1.0,2.0
C11061,1.0,1.0,2.0
C11062,1.0,1.0,2.0
C11088,1.0,1.0,2.0
C11131,1.0,1.0,2.0
C11132,1.0,1.0,2.0
C11133,1.0,1.0,2.0
C11134,1.0,1.0,2.0
C11135,1.0,1.0,2.0
C11136,1.0,1.0,2.0
C11142,1.0,1.0,2.0
C11143,1.0,1.0,2.0
C11145,1.0,1.0,2.0
C11148,1.0,1.0,2.0
C11149,1.0,1.0,2.0
C11150,2.0,1.0,3.0
C11158,1.0,1.0,2.0
C11173,1.0,1.0,2.0
C11174,1.0,1.0,2.0
C11221,1.0,1.0,2.0
C11231,1.0,1.0,2.0
C11242,1.0,1.0,2.0
C11243,1.0,1.0,2.0
C11245,1.0,1.0,2.0
C11277,1.0,1.0,2.0
C11278,1.0,1.0,2.0
C11310,3.0,1.0,4.0
C11355,1.0,1.0,2.0
C11363,1.0,1.0,2.0
C11371,1.0,1.0,2.0
C11376,1.0,1.0,2.0
C11378,1.0,1.0,2.0
C11434,1.0,1.0,2.0
C11435,1.0,1.0,2.0
C11436,1.0,1.0,2.0
C11437,3.0,1.0,4.0
C11453,1.0,1.0,2.0
C11455,1.0,1.0,2.0
C11457,1.0,1.0,2.0
C11472,1.0,1.0,2.0
C11481,1.0,1.0,2.0
C11499,1.0,1.0,2.0
C11508,1.0,1.0,2.0
C11512,1.0,1.0,2.0
C11516,1.0,1.0,2.0
C11521,2.0,1.0,3.0
C11522,1.0,1.0,2.0
C11523,1.0,1.0,2.0
C11526,1.0,1.0,2.0
C11537,1.0,1.0,2.0
C11538,1.0,1.0,2.0
C11540,1.0,1.0,2.0
C11542,1.0,1.0,2.0
C11543,1.0,1.0,2.0
C11544,1.0,1.0,2.0
C11545,1.0,1.0,2.0
C11554,5.0,1.0,6.0
C11555,2.0,1.0,3.0
C11556,4.0,1.0,5.0
C11557,3.0,1.0,4.0
C11583,1.0,1.0,2.0
C11587,1.0,1.0,2.0
C11588,1.0,1.0,2.0
C11596,1.0,1.0,2.0
C11612,1.0,1.0,2.0
C11630,1.0,1.0,2.0
C11638,1.0,1.0,2.0
C11695,4.0,1.0,5.0
C11713,1.0,1.0,2.0
C11714,1.0,1.0,2.0
C11736,1.0,1.0,2.0
C11754,1.0,1.0,2.0
C11785,1.0,1.0,2.0
C11811,1.0,1.0,2.0
C11821,1.0,1.0,2.0
C11829,1.0,1.0,2.0
C11830,1.0,1.0,2.0
C11831,1.0,1.0,2.0
C11832,1.0,1.0,2.0
C11850,1.0,1.0,2.0
C11851,1.0,1.0,2.0
C11906,1.0,1.0,2.0
C12083,1.0,1.0,2.0
C12126,2.0,1.0,3.0
C12144,1.0,1.0,2.0
C12145,1.0,1.0,2.0
C12147,1.0,1.0,2.0
C12248,1.0,1.0,2.0
C12270,1.0,1.0,2.0
C12271,2.0,1.0,3.0
C12272,1.0,1.0,2.0
C12283,1.0,1.0,2.0
C12284,2.0,1.0,3.0
C12285,1.0,1.0,2.0
C12455,1.0,1.0,2.0
C12505,1.0,1.0,2.0
C12560,1.0,1.0,2.0
C12621,1.0,1.0,2.0
C12622,1.0,1.0,2.0
C12623,1.0,1.0,2.0
C12624,1.0,1.0,2.0
C12650,1.0,1.0,2.0
C12673,1.0,1.0,2.0
C12739,1.0,1.0,2.0
C12981,1.0,1.0,2.0
C13050,4.0,1.0,5.0
C13051,2.0,1.0,3.0
C13202,1.0,1.0,2.0
C13252,1.0,1.0,2.0
C13309,1.0,1.0,2.0
C13482,1.0,1.0,2.0
C13508,1.0,1.0,2.0
C13550,1.0,1.0,2.0
C13624,1.0,1.0,2.0
C13712,1.0,1.0,2.0
C13713,1.0,1.0,2.0
C13747,1.0,1.0,2.0
C13768,1.0,1.0,2.0
C13809,1.0,1.0,2.0
C13856,3.0,1.0,4.0
C13952,1.0,1.0,2.0
C14039,1.0,1.0,2.0
C14040,1.0,1.0,2.0
C14144,1.0,1.0,2.0
C14145,1.0,1.0,2.0
C14151,1.0,1.0,2.0
C14152,1.0,1.0,2.0
C14153,1.0,1.0,2.0
C14154,1.0,1.0,2.0
C14155,1.0,1.0,2.0
C14156,1.0,1.0,2.0
C14179,1.0,1.0,2.0
C14209,2.0,1.0,3.0
C14240,1.0,1.0,2.0
C14453,1.0,1.0,2.0
C14556,2.0,1.0,3.0
C14573,1.0,1.0,2.0
C14592,1.0,1.0,2.0
C14701,1.0,1.0,2.0
C14704,1.0,1.0,2.0
C14717,1.0,1.0,2.0
C14732,1.0,1.0,2.0
C14748,2.0,1.0,3.0
C14749,1.0,1.0,2.0
C14762,2.0,1.0,3.0
C14765,1.0,1.0,2.0
C14766,1.0,1.0,2.0
C14767,2.0,1.0,3.0
C14768,5.0,1.0,6.0
C14769,5.0,1.0,6.0
C14770,4.0,1.0,5.0
C14771,3.0,1.0,4.0
C14772,2.0,1.0,3.0
C14773,2.0,1.0,3.0
C14774,2.0,1.0,3.0
C14775,2.0,1.0,3.0
C14776,2.0,1.0,3.0
C14777,3.0,1.0,4.0
C14778,1.0,1.0,2.0
C14779,1.0,1.0,2.0
C14780,1.0,1.0,2.0
C14781,1.0,1.0,2.0
C14782,1.0,1.0,2.0
C14783,2.0,1.0,3.0
C14784,1.0,1.0,2.0
C14785,1.0,1.0,2.0
C14786,1.0,1.0,2.0
C14787,1.0,1.0,2.0
C14788,1.0,1.0,2.0
C14789,1.0,1.0,2.0
C14790,1.0,1.0,2.0
C14791,1.0,1.0,2.0
C14792,1.0,1.0,2.0
C14793,1.0,1.0,2.0
C14794,1.0,1.0,2.0
C14795,1.0,1.0,2.0
C14796,1.0,1.0,2.0
C14797,1.0,1.0,2.0
C14798,1.0,1.0,2.0
C14799,1.0,1.0,2.0
C14800,1.0,1.0,2.0
C14801,1.0,1.0,2.0
C14802,1.0,1.0,2.0
C14803,1.0,1.0,2.0
C14804,1.0,1.0,2.0
C14805,1.0,1.0,2.0
C14806,1.0,1.0,2.0
C14807,1.0,1.0,2.0
C14808,1.0,1.0,2.0
C14809,1.0,1.0,2.0
C14810,1.0,1.0,2.0
C14811,1.0,1.0,2.0
C14812,2.0,1.0,3.0
C14813,1.0,1.0,2.0
C14814,1.0,1.0,2.0
C14815,1.0,1.0,2.0
C14818,6.0,1.0,7.0
C14819,4.0,1.0,5.0
C14820,2.0,1.0,3.0
C14821,2.0,1.0,3.0
C14822,2.0,1.0,3.0
C14823,2.0,1.0,3.0
C14824,1.0,1.0,2.0
C14825,1.0,1.0,2.0
C14826,1.0,1.0,2.0
C14827,1.0,1.0,2.0
C14828,1.0,1.0,2.0
C14829,1.0,1.0,2.0
C14831,1.0,1.0,2.0
C14832,1.0,1.0,2.0
C14833,1.0,1.0,2.0
C14834,1.0,1.0,2.0
C14835,1.0,1.0,2.0
C14836,1.0,1.0,2.0
C14837,1.0,1.0,2.0
C14839,1.0,1.0,2.0
C14840,1.0,1.0,2.0
C14841,1.0,1.0,2.0
C14842,1.0,1.0,2.0
C14843,1.0,1.0,2.0
C14844,1.0,1.0,2.0
C14845,1.0,1.0,2.0
C14846,1.0,1.0,2.0
C14847,1.0,1.0,2.0
C14848,1.0,1.0,2.0
C14849,2.0,1.0,3.0
C14850,3.0,1.0,4.0
C14851,2.0,1.0,3.0
C14852,3.0,1.0,4.0
C14853,2.0,1.0,3.0
C14854,2.0,1.0,3.0
C14855,2.0,1.0,3.0
C14856,2.0,1.0,3.0
C14857,1.0,1.0,2.0
C14858,1.0,1.0,2.0
C14859,1.0,1.0,2.0
C14860,1.0,1.0,2.0
C14861,1.0,1.0,2.0
C14862,1.0,1.0,2.0
C14863,1.0,1.0,2.0
C14864,1.0,1.0,2.0
C14865,1.0,1.0,2.0
C14866,1.0,1.0,2.0
C14867,1.0,1.0,2.0
C14868,1.0,1.0,2.0
C14869,1.0,1.0,2.0
C14870,1.0,1.0,2.0
C14871,1.0,1.0,2.0
C14872,1.0,1.0,2.0
C14873,1.0,1.0,2.0
C14874,2.0,1.0,3.0
C14875,1.0,1.0,2.0
C14876,1.0,1.0,2.0
C14877,1.0,1.0,2.0
C14899,2.0,1.0,3.0
C15231,2.0,1.0,3.0
C15492,1.0,1.0,2.0
C15493,8.0,1.0,9.0
C15518,1.0,1.0,2.0
C15519,1.0,1.0,2.0
C15520,1.0,1.0,2.0
C15521,2.0,1.0,3.0
C15522,1.0,1.0,2.0
C15523,1.0,1.0,2.0
C15524,1.0,1.0,2.0
C15532,1.0,1.0,2.0
C15547,1.0,1.0,2.0
C15556,1.0,1.0,2.0
C15563,1.0,1.0,2.0
C15606,1.0,1.0,2.0
C15607,1.0,1.0,2.0
C15610,2.0,1.0,3.0
C15613,1.0,1.0,2.0
C15614,1.0,1.0,2.0
C15645,1.0,1.0,2.0
C15646,1.0,1.0,2.0
C15647,1.0,1.0,2.0
C15650,1.0,1.0,2.0
C15651,1.0,1.0,2.0
C15667,1.0,1.0,2.0
C15670,1.0,1.0,2.0
C15672,1.0,1.0,2.0
C15699,1.0,1.0,2.0
C15700,1.0,1.0,2.0
C15719,1.0,1.0,2.0
C15767,1.0,1.0,2.0
C15776,1.0,1.0,2.0
C15777,1.0,1.0,2.0
C15780,1.0,1.0,2.0
C15781,1.0,1.0,2.0
C15782,1.0,1.0,2.0
C15783,1.0,1.0,2.0
C15808,1.0,1.0,2.0
C15809,1.0,1.0,2.0
C15810,1.0,1.0,2.0
C15811,1.0,1.0,2.0
C15812,1.0,1.0,2.0
C15813,1.0,1.0,2.0
C15814,1.0,1.0,2.0
C15816,1.0,1.0,2.0
C15848,1.0,1.0,2.0
C15849,1.0,1.0,2.0
C15850,2.0,1.0,3.0
C15851,1.0,1.0,2.0
C15852,1.0,1.0,2.0
C15882,1.0,1.0,2.0
C15883,1.0,1.0,2.0
C15890,1.0,1.0,2.0
C15891,1.0,1.0,2.0
C15915,1.0,1.0,2.0
C15923,1.0,1.0,2.0
C15924,1.0,1.0,2.0
C15925,2.0,1.0,3.0
C15926,1.0,1.0,2.0
C15930,2.0,1.0,3.0
C15972,5.0,1.0,6.0
C15973,5.0,1.0,6.0
C15986,1.0,1.0,2.0
C15987,1.0,1.0,2.0
C15995,2.0,1.0,3.0
C15996,1.0,1.0,2.0
C16038,4.0,1.0,5.0
C16041,1.0,1.0,2.0
C16114,1.0,1.0,2.0
C16138,2.0,1.0,3.0
C16150,1.0,1.0,2.0
C16151,1.0,1.0,2.0
C16152,1.0,1.0,2.0
C16153,1.0,1.0,2.0
C16154,1.0,1.0,2.0
C16155,1.0,1.0,2.0
C16156,1.0,1.0,2.0
C16157,1.0,1.0,2.0
C16159,1.0,1.0,2.0
C16160,1.0,1.0,2.0
C16161,1.0,1.0,2.0
C16162,1.0,1.0,2.0
C16163,1.0,1.0,2.0
C16164,1.0,1.0,2.0
C16165,1.0,1.0,2.0
C16166,1.0,1.0,2.0
C16167,1.0,1.0,2.0
C16168,1.0,1.0,2.0
C16169,1.0,1.0,2.0
C16170,2.0,1.0,3.0
C16171,1.0,1.0,2.0
C16172,1.0,1.0,2.0
C16173,1.0,1.0,2.0
C16179,1.0,1.0,2.0
C16180,1.0,1.0,2.0
C16183,1.0,1.0,2.0
C16186,1.0,1.0,2.0
C16219,1.0,1.0,2.0
C16220,1.0,1.0,2.0
C16221,1.0,1.0,2.0
C16238,1.0,1.0,2.0
C16241,1.0,1.0,2.0
C16242,1.0,1.0,2.0
C16243,1.0,1.0,2.0
C16244,1.0,1.0,2.0
C16254,1.0,1.0,2.0
C16255,3.0,1.0,4.0
C16300,1.0,1.0,2.0
C16308,1.0,1.0,2.0
C16309,1.0,1.0,2.0
C16310,1.0,1.0,2.0
C16311,1.0,1.0,2.0
C16316,1.0,1.0,2.0
C16317,1.0,1.0,2.0
C16318,1.0,1.0,2.0
C16319,1.0,1.0,2.0
C16320,1.0,1.0,2.0
C16321,1.0,1.0,2.0
C16322,1.0,1.0,2.0
C16323,1.0,1.0,2.0
C16324,1.0,1.0,2.0
C16325,1.0,1.0,2.0
C16326,1.0,1.0,2.0
C16327,1.0,1.0,2.0
C16328,1.0,1.0,2.0
C16330,1.0,1.0,2.0
C16331,1.0,1.0,2.0
C16332,1.0,1.0,2.0
C16334,1.0,1.0,2.0
C16335,1.0,1.0,2.0
C16336,1.0,1.0,2.0
C16338,1.0,1.0,2.0
C16339,1.0,1.0,2.0
C16341,1.0,1.0,2.0
C16342,1.0,1.0,2.0
C16343,1.0,1.0,2.0
C16344,1.0,1.0,2.0
C16345,1.0,1.0,2.0
C16346,1.0,1.0,2.0
C16352,1.0,1.0,2.0
C16353,1.0,1.0,2.0
C16355,1.0,1.0,2.0
C16356,1.0,1.0,2.0
C16357,1.0,1.0,2.0
C16358,1.0,1.0,2.0
C16359,1.0,1.0,2.0
C16360,1.0,1.0,2.0
C16361,1.0,1.0,2.0
C16362,1.0,1.0,2.0
C16363,1.0,1.0,2.0
C16364,1.0,1.0,2.0
C16365,1.0,1.0,2.0
C16366,1.0,1.0,2.0
C16390,1.0,1.0,2.0
C16421,1.0,1.0,2.0
C16452,1.0,1.0,2.0
C16453,4.0,1.0,5.0
C16510,1.0,1.0,2.0
C16511,1.0,1.0,2.0
C16512,1.0,1.0,2.0
C16513,1.0,1.0,2.0
C16514,2.0,1.0,3.0
C16515,2.0,1.0,3.0
C16516,1.0,1.0,2.0
C16517,1.0,1.0,2.0
C16518,1.0,1.0,2.0
C16519,1.0,1.0,2.0
C16520,1.0,1.0,2.0
C16521,1.0,1.0,2.0
C16522,1.0,1.0,2.0
C16525,1.0,1.0,2.0
C16526,1.0,1.0,2.0
C16527,2.0,1.0,3.0
C16528,1.0,1.0,2.0
C16529,1.0,1.0,2.0
C16530,1.0,1.0,2.0
C16531,1.0,1.0,2.0
C16532,1.0,1.0,2.0
C16533,1.0,1.0,2.0
C16540,1.0,1.0,2.0
C16541,1.0,1.0,2.0
C16542,1.0,1.0,2.0
C16543,1.0,1.0,2.0
C16544,1.0,1.0,2.0
C16545,1.0,1.0,2.0
C16546,1.0,1.0,2.0
C16547,1.0,1.0,2.0
C16548,1.0,1.0,2.0
C16549,1.0,1.0,2.0
C16550,1.0,1.0,2.0
C16551,1.0,1.0,2.0
C16552,1.0,1.0,2.0
C16553,1.0,1.0,2.0
C16554,1.0,1.0,2.0
C16555,1.0,1.0,2.0
C16556,1.0,1.0,2.0
C16557,1.0,1.0,2.0
C16558,1.0,1.0,2.0
C16559,1.0,1.0,2.0
C16560,1.0,1.0,2.0
C16561,1.0,1.0,2.0
C16562,1.0,1.0,2.0
C16563,1.0,1.0,2.0
C16564,1.0,1.0,2.0
C16565,1.0,1.0,2.0
C16566,1.0,1.0,2.0
C16567,1.0,1.0,2.0
C16568,1.0,1.0,2.0
C16569,1.0,1.0,2.0
C16570,1.0,1.0,2.0
C16571,1.0,1.0,2.0
C16572,1.0,1.0,2.0
C16576,1.0,1.0,2.0
C16577,1.0,1.0,2.0
C16578,2.0,1.0,3.0
C16582,1.0,1.0,2.0
C16584,1.0,1.0,2.0
C16586,1.0,1.0,2.0
C16587,1.0,1.0,2.0
C16591,1.0,1.0,2.0
C16592,1.0,1.0,2.0
C16595,1.0,1.0,2.0
C16596,1.0,1.0,2.0
C16601,1.0,1.0,2.0
C16602,1.0,1.0,2.0
C16603,1.0,1.0,2.0
C16604,1.0,1.0,2.0
C16605,1.0,1.0,2.0
C16606,1.0,1.0,2.0
C16607,1.0,1.0,2.0
C16608,1.0,1.0,2.0
C16609,1.0,1.0,2.0
C16610,1.0,1.0,2.0
C16612,1.0,1.0,2.0
C16613,1.0,1.0,2.0
C16614,1.0,1.0,2.0
C16615,1.0,1.0,2.0
C16616,1.0,1.0,2.0
C16617,1.0,1.0,2.0
C16618,1.0,1.0,2.0
C16619,1.0,1.0,2.0
C16620,1.0,1.0,2.0
C16621,1.0,1.0,2.0
C16622,1.0,1.0,2.0
C16623,1.0,1.0,2.0
C16624,1.0,1.0,2.0
C16625,1.0,1.0,2.0
C16630,1.0,1.0,2.0
C16631,1.0,1.0,2.0
C16632,1.0,1.0,2.0
C16633,1.0,1.0,2.0
C16634,1.0,1.0,2.0
C16635,1.0,1.0,2.0
C16638,2.0,1.0,3.0
C16641,1.0,1.0,2.0
C16643,2.0,1.0,3.0
C16645,1.0,1.0,2.0
C16648,1.0,1.0,2.0
C16649,1.0,1.0,2.0
C16650,1.0,1.0,2.0
C16651,1.0,1.0,2.0
C16652,1.0,1.0,2.0
C16653,1.0,1.0,2.0
C16654,1.0,1.0,2.0
C16655,1.0,1.0,2.0
C16656,1.0,1.0,2.0
C16657,1.0,1.0,2.0
C16658,1.0,1.0,2.0
C16659,1.0,1.0,2.0
C16660,1.0,1.0,2.0
C16661,1.0,1.0,2.0
C16662,1.0,1.0,2.0
C16663,1.0,1.0,2.0
C16664,1.0,1.0,2.0
C16673,1.0,1.0,2.0
C16674,1.0,1.0,2.0
C16675,1.0,1.0,2.0
C16677,1.0,1.0,2.0
C16678,1.0,1.0,2.0
C16679,1.0,1.0,2.0
C16680,1.0,1.0,2.0
C16681,1.0,1.0,2.0
C16682,1.0,1.0,2.0
C16683,1.0,1.0,2.0
C16688,1.0,1.0,2.0
C16692,1.0,1.0,2.0
C16695,1.0,1.0,2.0
C16698,1.0,1.0,2.0
C16737,1.0,1.0,2.0
C16741,1.0,1.0,2.0
C16756,1.0,1.0,2.0
C16826,1.0,1.0,2.0
C16844,12.0,1.0,13.0
C16845,5.0,1.0,6.0
C16999,1.0,1.0,2.0
C17010,1.0,1.0,2.0
C17017,1.0,1.0,2.0
C17018,1.0,1.0,2.0
C17022,1.0,1.0,2.0
C17027,1.0,1.0,2.0
C17203,1.0,1.0,2.0
C17267,1.0,1.0,2.0
C17269,1.0,1.0,2.0
C17279,1.0,1.0,2.0
C17322,1.0,1.0,2.0
C17326,1.0,1.0,2.0
C17327,1.0,1.0,2.0
C17328,1.0,1.0,2.0
C17331,1.0,1.0,2.0
C17332,1.0,1.0,2.0
C17333,1.0,1.0,2.0
C17335,1.0,1.0,2.0
C17336,1.0,1.0,2.0
C17337,1.0,1.0,2.0
C17339,1.0,1.0,2.0
C17343,1.0,1.0,2.0
C17345,1.0,1.0,2.0
C17346,1.0,1.0,2.0
C17401,1.0,1.0,2.0
C17412,1.0,1.0,2.0
C17432,1.0,1.0,2.0
C17530,1.0,1.0,2.0
C17551,1.0,1.0,2.0
C17552,1.0,1.0,2.0
C17554,1.0,1.0,2.0
C17559,1.0,1.0,2.0
C17570,1.0,1.0,2.0
C17755,1.0,1.0,2.0
C17935,1.0,1.0,2.0
C17936,1.0,1.0,2.0
C17937,1.0,1.0,2.0
C17938,1.0,1.0,2.0
C17940,1.0,1.0,2.0
C17941,1.0,1.0,2.0
C17942,1.0,1.0,2.0
C17943,1.0,1.0,2.0
C17944,1.0,1.0,2.0
C17945,1.0,1.0,2.0
C17947,1.0,1.0,2.0
C17948,1.0,1.0,2.0
C17949,1.0,1.0,2.0
C17950,1.0,1.0,2.0
C17951,1.0,1.0,2.0
C17952,1.0,1.0,2.0
C17960,1.0,1.0,2.0
C17961,1.0,1.0,2.0
C17962,1.0,1.0,2.0
C18021,1.0,1.0,2.0
C18022,1.0,1.0,2.0
C18026,1.0,1.0,2.0
C18028,1.0,1.0,2.0
C18038,1.0,1.0,2.0
C18039,1.0,1.0,2.0
C18040,1.0,1.0,2.0
C18041,1.0,1.0,2.0
C18042,1.0,1.0,2.0
C18043,1.0,1.0,2.0
C18044,1.0,1.0,2.0
C18045,1.0,1.0,2.0
C18049,1.0,1.0,2.0
C18059,1.0,1.0,2.0
C18060,1.0,1.0,2.0
C18064,1.0,1.0,2.0
C18075,1.0,1.0,2.0
C18094,1.0,1.0,2.0
C18096,1.0,1.0,2.0
C18098,1.0,1.0,2.0
C18125,1.0,1.0,2.0
C18126,1.0,1.0,2.0
C18129,1.0,1.0,2.0
C18131,1.0,1.0,2.0
C18132,1.0,1.0,2.0
C18133,1.0,1.0,2.0
C18134,1.0,1.0,2.0
C18135,1.0,1.0,2.0
C18151,1.0,1.0,2.0
C18152,1.0,1.0,2.0
C18153,1.0,1.0,2.0
C18154,1.0,1.0,2.0
C18155,1.0,1.0,2.0
C18156,1.0,1.0,2.0
C18157,1.0,1.0,2.0
C18160,1.0,1.0,2.0
C18161,1.0,1.0,2.0
C18162,1.0,1.0,2.0
C18163,1.0,1.0,2.0
C18168,1.0,1.0,2.0
C18169,1.0,1.0,2.0
C18172,1.0,1.0,2.0
C18174,1.0,1.0,2.0
C18205,1.0,1.0,2.0
C18231,1.0,1.0,2.0
C18232,1.0,1.0,2.0
C18237,2.0,1.0,3.0
C18239,2.0,1.0,3.0
C18287,1.0,1.0,2.0
C18319,1.0,1.0,2.0
C18321,1.0,1.0,2.0
C18324,1.0,1.0,2.0
C18326,1.0,1.0,2.0
C18802,1.0,1.0,2.0
C18870,1.0,1.0,2.0
C18871,1.0,1.0,2.0
C18872,1.0,1.0,2.0
C18893,1.0,1.0,2.0
C18902,1.0,1.0,2.0
C18904,1.0,1.0,2.0
C18905,1.0,1.0,2.0
C18910,1.0,1.0,2.0
C18911,1.0,1.0,2.0
C18933,1.0,1.0,2.0
C19164,1.0,1.0,2.0
C19171,1.0,1.0,2.0
C19180,1.0,1.0,2.0
C19190,1.0,1.0,2.0
C19255,1.0,1.0,2.0
C19317,1.0,1.0,2.0
C19378,1.0,1.0,2.0
C19488,2.0,1.0,3.0
C19489,2.0,1.0,3.0
C19490,2.0,1.0,3.0
C19525,1.0,1.0,2.0
C19559,2.0,1.0,3.0
C19561,2.0,1.0,3.0
C19562,2.0,1.0,3.0
C19563,2.0,1.0,3.0
C19564,2.0,1.0,3.0
C19565,2.0,1.0,3.0
C19566,2.0,1.0,3.0
C19567,3.0,1.0,4.0
C19568,2.0,1.0,3.0
C19569,3.0,1.0,4.0
C19574,2.0,1.0,3.0
C19577,2.0,1.0,3.0
C19578,2.0,1.0,3.0
C19579,2.0,1.0,3.0
C19580,2.0,1.0,3.0
C19581,2.0,1.0,3.0
C19582,2.0,1.0,3.0
C19585,1.0,1.0,2.0
C19586,2.0,1.0,3.0
C19588,1.0,1.0,2.0
C19589,1.0,1.0,2.0
C19590,1.0,1.0,2.0
C19591,1.0,1.0,2.0
C19592,1.0,1.0,2.0
C19594,1.0,1.0,2.0
C19595,1.0,1.0,2.0
C19596,1.0,1.0,2.0
C19602,2.0,1.0,3.0
C19603,2.0,1.0,3.0
C19604,1.0,1.0,2.0
C19605,2.0,1.0,3.0
C19606,2.0,1.0,3.0
C19607,1.0,1.0,2.0
C19608,1.0,1.0,2.0
C19609,1.0,1.0,2.0
C19610,1.0,1.0,2.0
C19631,1.0,1.0,2.0
C19673,1.0,1.0,2.0
C19685,1.0,1.0,2.0
C19691,1.0,1.0,2.0
C19692,1.0,1.0,2.0
C19706,1.0,1.0,2.0
C19725,1.0,1.0,2.0
C19745,1.0,1.0,2.0
C19757,1.0,1.0,2.0
C19760,1.0,1.0,2.0
C19769,1.0,1.0,2.0
C19787,1.0,1.0,2.0
C19794,1.0,1.0,2.0
C19799,1.0,1.0,2.0
C19823,1.0,1.0,2.0
C19845,1.0,1.0,2.0
C19846,1.0,1.0,2.0
C19847,1.0,1.0,2.0
C19848,1.0,1.0,2.0
C19852,1.0,1.0,2.0
C19853,1.0,1.0,2.0
C19858,1.0,1.0,2.0
C19859,1.0,1.0,2.0
C19871,1.0,1.0,2.0
C19872,2.0,1.0,3.0
C19891,1.0,1.0,2.0
C19912,1.0,1.0,2.0
C19913,1.0,1.0,2.0
C19937,1.0,1.0,2.0
C19945,1.0,1.0,2.0
C19946,1.0,1.0,2.0
C19961,1.0,1.0,2.0
C19971,1.0,1.0,2.0
C19972,1.0,1.0,2.0
C19975,1.0,1.0,2.0
C20062,1.0,1.0,2.0
C20082,1.0,1.0,2.0
C20083,1.0,1.0,2.0
C20120,1.0,1.0,2.0
C20121,1.0,1.0,2.0
C20171,1.0,1.0,2.0
C20186,1.0,1.0,2.0
C20231,1.0,1.0,2.0
C20237,1.0,1.0,2.0
C20238,1.0,1.0,2.0
C20239,1.0,1.0,2.0
C20246,1.0,1.0,2.0
C20247,1.0,1.0,2.0
C20248,1.0,1.0,2.0
C20249,1.0,1.0,2.0
C20251,1.0,1.0,2.0
C20253,1.0,1.0,2.0
C20254,1.0,1.0,2.0
C20264,1.0,1.0,2.0
C20265,1.0,1.0,2.0
C20267,1.0,1.0,2.0
C20280,1.0,1.0,2.0
C20281,1.0,1.0,2.0
C20282,1.0,1.0,2.0
C20283,1.0,1.0,2.0
C20284,1.0,1.0,2.0
C20285,1.0,1.0,2.0
C20286,1.0,1.0,2.0
C20287,1.0,1.0,2.0
C20288,1.0,1.0,2.0
C20289,1.0,1.0,2.0
C20290,1.0,1.0,2.0
C20291,1.0,1.0,2.0
C20293,1.0,1.0,2.0
C20300,1.0,1.0,2.0
C20301,1.0,1.0,2.0
C20302,1.0,1.0,2.0
C20303,1.0,1.0,2.0
C20304,1.0,1.0,2.0
C20305,1.0,1.0,2.0
C20306,1.0,1.0,2.0
C20316,1.0,1.0,2.0
C20319,1.0,1.0,2.0
C20345,1.0,1.0,2.0
C20357,1.0,1.0,2.0
C20359,1.0,1.0,2.0
C20361,1.0,1.0,2.0
C20372,1.0,1.0,2.0
C20373,1.0,1.0,2.0
C20374,1.0,1.0,2.0
C20375,1.0,1.0,2.0
C20376,1.0,1.0,2.0
C20377,1.0,1.0,2.0
C20378,1.0,1.0,2.0
C20381,1.0,1.0,2.0
C20384,1.0,1.0,2.0
C20385,1.0,1.0,2.0
C20386,1.0,1.0,2.0
C20387,1.0,1.0,2.0
C20395,1.0,1.0,2.0
C20396,1.0,1.0,2.0
C20418,1.0,1.0,2.0
C20419,1.0,1.0,2.0
C20422,1.0,1.0,2.0
C20423,1.0,1.0,2.0
C20424,1.0,1.0,2.0
C20440,1.0,1.0,2.0
C20466,1.0,1.0,2.0
C20518,1.0,1.0,2.0
C20522,1.0,1.0,2.0
C20559,1.0,1.0,2.0
C20562,1.0,1.0,2.0
C20566,1.0,1.0,2.0
C20567,1.0,1.0,2.0
C20570,1.0,1.0,2.0
C20571,1.0,1.0,2.0
C20572,1.0,1.0,2.0
C20573,1.0,1.0,2.0
C20589,1.0,1.0,2.0
C20638,1.0,1.0,2.0
C20640,6.0,1.0,7.0
C20657,1.0,1.0,2.0
C20666,1.0,1.0,2.0
C20672,1.0,1.0,2.0
C20679,1.0,1.0,2.0
C20680,1.0,1.0,2.0
C20683,3.0,1.0,4.0
C20690,1.0,1.0,2.0
C20698,1.0,1.0,2.0
C20737,1.0,1.0,2.0
C20738,1.0,1.0,2.0
C20772,1.0,1.0,2.0
C20773,1.0,1.0,2.0
C20781,1.0,1.0,2.0
C20783,1.0,1.0,2.0
C20784,1.0,1.0,2.0
C20792,1.0,1.0,2.0
C20793,1.0,1.0,2.0
C20794,1.0,1.0,2.0
C20825,1.0,1.0,2.0
C20846,1.0,1.0,2.0
C20847,1.0,1.0,2.0
C20848,1.0,1.0,2.0
C20859,1.0,1.0,2.0
C20870,1.0,1.0,2.0
C20876,1.0,1.0,2.0
C20877,1.0,1.0,2.0
C20878,1.0,1.0,2.0
C20879,1.0,1.0,2.0
C20889,1.0,1.0,2.0
C20896,1.0,1.0,2.0
C20897,1.0,1.0,2.0
C20898,2.0,1.0,3.0
C20934,1.0,1.0,2.0
C20935,2.0,1.0,3.0
C20948,1.0,1.0,2.0
C20949,1.0,1.0,2.0
C20950,1.0,1.0,2.0
C20951,1.0,1.0,2.0
C20955,1.0,1.0,2.0
C20970,1.0,1.0,2.0
C20971,1.0,1.0,2.0
C20972,1.0,1.0,2.0
C20973,1.0,1.0,2.0
C20986,1.0,1.0,2.0
C20991,1.0,1.0,2.0
C20994,1.0,1.0,2.0
C20995,1.0,1.0,2.0
C21007,1.0,1.0,2.0
C21008,1.0,1.0,2.0
C21011,5.0,1.0,6.0
C21012,5.0,1.0,6.0
C21013,5.0,1.0,6.0
C21014,5.0,1.0,6.0
C21015,1.0,1.0,2.0
C21016,1.0,1.0,2.0
C21017,1.0,1.0,2.0
C21018,1.0,1.0,2.0
C21027,1.0,1.0,2.0
C21028,1.0,1.0,2.0
C21029,1.0,1.0,2.0
C21065,1.0,1.0,2.0
C21066,1.0,1.0,2.0
C21072,1.0,1.0,2.0
C21075,1.0,1.0,2.0
C21084,1.0,1.0,2.0
C21094,1.0,1.0,2.0
C21106,1.0,1.0,2.0
C21107,1.0,1.0,2.0
C21144,1.0,1.0,2.0
C21154,1.0,1.0,2.0
C21214,1.0,1.0,2.0
C21215,1.0,1.0,2.0
C21217,1.0,1.0,2.0
C21250,1.0,1.0,2.0
C21284,1.0,1.0,2.0
C21310,1.0,1.0,2.0
C21372,1.0,1.0,2.0
C21383,1.0,1.0,2.0
C21384,1.0,1.0,2.0
C21390,1.0,1.0,2.0
C21403,1.0,1.0,2.0
C21404,1.0,1.0,2.0
C21427,1.0,1.0,2.0
C21428,1.0,1.0,2.0
C21429,1.0,1.0,2.0
C21431,1.0,1.0,2.0
C21432,1.0,1.0,2.0
C21433,1.0,1.0,2.0
C21434,1.0,1.0,2.0
C21435,1.0,1.0,2.0
C21478,1.0,1.0,2.0
C21479,1.0,1.0,2.0
C21480,1.0,1.0,2.0
C21481,1.0,1.0,2.0
C21482,1.0,1.0,2.0
C21483,1.0,1.0,2.0
C21484,1.0,1.0,2.0
C21485,1.0,1.0,2.0
C21486,1.0,1.0,2.0
C21510,1.0,1.0,2.0
C21511,1.0,1.0,2.0
C21512,1.0,1.0,2.0
C21582,1.0,1.0,2.0
C21613,1.0,1.0,2.0
C21640,1.0,1.0,2.0
C21641,2.0,1.0,3.0
C21642,2.0,1.0,3.0
C21643,1.0,1.0,2.0
C21644,1.0,1.0,2.0
C21723,1.0,1.0,2.0
C21724,1.0,1.0,2.0
C21748,1.0,1.0,2.0
C21749,1.0,1.0,2.0
C21750,1.0,1.0,2.0
C21751,1.0,1.0,2.0
C21754,1.0,1.0,2.0
C21758,1.0,1.0,2.0
C21759,1.0,1.0,2.0
C21760,1.0,1.0,2.0
C21764,1.0,1.0,2.0
C21790,2.0,1.0,3.0
C21791,1.0,1.0,2.0
C21797,1.0,1.0,2.0
C21835,1.0,1.0,2.0
C21860,1.0,1.0,2.0
C21923,1.0,1.0,2.0
C21924,1.0,1.0,2.0
C21932,1.0,1.0,2.0
C21934,1.0,1.0,2.0
C21935,1.0,1.0,2.0
C21937,1.0,1.0,2.0
C21939,1.0,1.0,2.0
C21941,1.0,1.0,2.0
C21943,1.0,1.0,2.0
C21945,1.0,1.0,2.0
C21947,1.0,1.0,2.0
C21949,1.0,1.0,2.0
C21951,1.0,1.0,2.0
C21953,1.0,1.0,2.0
C21955,1.0,1.0,2.0
C21959,1.0,1.0,2.0
C21961,1.0,1.0,2.0
C21963,1.0,1.0,2.0
C21965,1.0,1.0,2.0
C21967,1.0,1.0,2.0
C21981,1.0,1.0,2.0
C22006,1.0,1.0,2.0
C22024,1.0,1.0,2.0
C22025,1.0,1.0,2.0
C22029,1.0,1.0,2.0
C22038,1.0,1.0,2.0
C22039,1.0,1.0,2.0
C22040,1.0,1.0,2.0
C22112,1.0,1.0,2.0
C22116,1.0,1.0,2.0
C22119,1.0,1.0,2.0
C22120,1.0,1.0,2.0
C22121,1.0,1.0,2.0
C22122,1.0,1.0,2.0
C22123,1.0,1.0,2.0
C22136,1.0,1.0,2.0
C22159,1.0,1.0,2.0
C22160,1.0,1.0,2.0
C22161,1.0,1.0,2.0
C22202,1.0,1.0,2.0
C22310,1.0,1.0,2.0
C22311,1.0,1.0,2.0
C22337,2.0,1.0,3.0
C22338,1.0,1.0,2.0
C22339,1.0,1.0,2.0
C22340,1.0,1.0,2.0
C22341,1.0,1.0,2.0
C22342,1.0,1.0,2.0
C22355,1.0,1.0,2.0
C22356,1.0,1.0,2.0
C22357,1.0,1.0,2.0
C22359,1.0,1.0,2.0
C22381,3.0,1.0,4.0
C22395,1.0,1.0,2.0
C22441,1.0,1.0,2.0
C22442,1.0,1.0,2.0
C22443,1.0,1.0,2.0
C22450,1.0,1.0,2.0
C22451,1.0,1.0,2.0
C22453,1.0,1.0,2.0
C22458,1.0,1.0,2.0
C22467,1.0,1.0,2.0
C22499,1.0,1.0,2.0
C22500,1.0,1.0,2.0
C22528,1.0,1.0,2.0
C22531,1.0,1.0,2.0
C22532,1.0,1.0,2.0
C22533,1.0,1.0,2.0
C22534,1.0,1.0,2.0
C22535,1.0,1.0,2.0
C22536,1.0,1.0,2.0
C22537,1.0,1.0,2.0
C22538,1.0,1.0,2.0
C22539,1.0,1.0,2.0
C22540,1.0,1.0,2.0
C22541,1.0,1.0,2.0
C22542,1.0,1.0,2.0
C22543,1.0,1.0,2.0
C22544,1.0,1.0,2.0
C22545,1.0,1.0,2.0
C22546,1.0,1.0,2.0
C22547,1.0,1.0,2.0
C22611,1.0,1.0,2.0
D00110,1.0,1.0,2.0
D00125,1.0,1.0,2.0
D00140,1.0,1.0,2.0
D00142,1.0,1.0,2.0
D00184,1.0,1.0,2.0
D00186,1.0,1.0,2.0
D00195,1.0,1.0,2.0
D00201,1.0,1.0,2.0
D00214,1.0,1.0,2.0
D00224,1.0,1.0,2.0
D00238,1.0,1.0,2.0
D00240,1.0,1.0,2.0
D00247,1.0,1.0,2.0
D00252,1.0,1.0,2.0
D00295,1.0,1.0,2.0
D00298,1.0,1.0,2.0
D00318,1.0,1.0,2.0
D00331,1.0,1.0,2.0
D00333,1.0,1.0,2.0
D00340,1.0,1.0,2.0
D00343,1.0,1.0,2.0
D00346,1.0,1.0,2.0
D00353,1.0,1.0,2.0
D00358,1.0,1.0,2.0
D00359,1.0,1.0,2.0
D00399,1.0,1.0,2.0
D00400,1.0,1.0,2.0
D00422,1.0,1.0,2.0
D00427,1.0,1.0,2.0
D00429,1.0,1.0,2.0
D00439,1.0,1.0,2.0
D00448,1.0,1.0,2.0
D00453,1.0,1.0,2.0
D00456,1.0,1.0,2.0
D00491,1.0,1.0,2.0
D00512,1.0,1.0,2.0
D00521,1.0,1.0,2.0
D00533,1.0,1.0,2.0
D00536,1.0,1.0,2.0
D00570,1.0,1.0,2.0
D00584,1.0,1.0,2.0
D00590,1.0,1.0,2.0
D00636,1.0,1.0,2.0
D00767,1.0,1.0,2.0
D00804,1.0,1.0,2.0
D00842,1.0,1.0,2.0
D01061,1.0,1.0,2.0
D01223,1.0,1.0,2.0
D01244,1.0,1.0,2.0
D01264,1.0,1.0,2.0
D01275,1.0,1.0,2.0
D01309,1.0,1.0,2.0
D01421,1.0,1.0,2.0
D01745,1.0,1.0,2.0
D01784,1.0,1.0,2.0
D01862,1.0,1.0,2.0
D02115,1.0,1.0,2.0
D02166,1.0,1.0,2.0
D02214,1.0,1.0,2.0
D02216,1.0,1.0,2.0
D02271,1.0,1.0,2.0
D02356,1.0,1.0,2.0
D03130,1.0,1.0,2.0
D03833,1.0,1.0,2.0
D03899,1.0,1.0,2.0
D04197,1.0,1.0,2.0
D04716,1.0,1.0,2.0
D04931,2.0,1.0,3.0
D05246,1.0,1.0,2.0
D06050,1.0,1.0,2.0
D06074,1.0,1.0,2.0
D07445,1.0,1.0,2.0
D07448,1.0,1.0,2.0
D07538,1.0,1.0,2.0
D07626,1.0,1.0,2.0
D07661,1.0,1.0,2.0
D07704,1.0,1.0,2.0
D07760,1.0,1.0,2.0
D07776,1.0,1.0,2.0
D07845,1.0,1.0,2.0
D07866,1.0,1.0,2.0
D07901,1.0,1.0,2.0
D07907,1.0,1.0,2.0
D07958,1.0,1.0,2.0
D07986,1.0,1.0,2.0
D07987,1.0,1.0,2.0
D08066,1.0,1.0,2.0
D08086,2.0,1.0,3.0
D08108,1.0,1.0,2.0
D08144,1.0,1.0,2.0
D08146,1.0,1.0,2.0
D08195,1.0,1.0,2.0
D08224,1.0,1.0,2.0
D08233,2.0,1.0,3.0
D08234,1.0,1.0,2.0
D08259,1.0,1.0,2.0
D08291,1.0,1.0,2.0
D08306,1.0,1.0,2.0
D08351,1.0,1.0,2.0
D08411,1.0,1.0,2.0
D08458,1.0,1.0,2.0
D08492,1.0,1.0,2.0
D08524,1.0,1.0,2.0
D08559,1.0,1.0,2.0
D08603,1.0,1.0,2.0
D08618,1.0,1.0,2.0
D08675,1.0,1.0,2.0
D08679,1.0,1.0,2.0
D08836,1.0,1.0,2.0
G00001,1.0,1.0,2.0
G00002,1.0,1.0,2.0
G00003,1.0,1.0,2.0
G00004,1.0,1.0,2.0
G00005,1.0,1.0,2.0
G00006,1.0,1.0,2.0
G00007,1.0,1.0,2.0
G00008,1.0,1.0,2.0
G00009,2.0,1.0,3.0
G00010,2.0,1.0,3.0
G00011,3.0,1.0,4.0
G00012,3.0,1.0,4.0
G00013,2.0,1.0,3.0
G00014,2.0,1.0,3.0
G00015,2.0,1.0,3.0
G00016,2.0,1.0,3.0
G00017,2.0,1.0,3.0
G00018,1.0,1.0,2.0
G00019,1.0,1.0,2.0
G00020,1.0,1.0,2.0
G00021,1.0,1.0,2.0
G00022,1.0,1.0,2.0
G00023,1.0,1.0,2.0
G00024,1.0,1.0,2.0
G00025,1.0,1.0,2.0
G00026,1.0,1.0,2.0
G00027,1.0,1.0,2.0
G00028,1.0,1.0,2.0
G00029,1.0,1.0,2.0
G00030,1.0,1.0,2.0
G00031,1.0,1.0,2.0
G00032,1.0,1.0,2.0
G00033,1.0,1.0,2.0
G00034,1.0,1.0,2.0
G00035,1.0,1.0,2.0
G00036,1.0,1.0,2.0
G00037,1.0,1.0,2.0
G00038,1.0,1.0,2.0
G00039,1.0,1.0,2.0
G00040,1.0,1.0,2.0
G00042,1.0,1.0,2.0
G00043,1.0,1.0,2.0
G00044,1.0,1.0,2.0
G00045,1.0,1.0,2.0
G00046,1.0,1.0,2.0
G00047,1.0,1.0,2.0
G00048,1.0,1.0,2.0
G00050,1.0,1.0,2.0
G00051,1.0,1.0,2.0
G00052,2.0,1.0,3.0
G00054,2.0,1.0,3.0
G00055,1.0,1.0,2.0
G00056,1.0,1.0,2.0
G00057,1.0,1.0,2.0
G00058,1.0,1.0,2.0
G00059,1.0,1.0,2.0
G00060,1.0,1.0,2.0
G00061,1.0,1.0,2.0
G00062,1.0,1.0,2.0
G00063,1.0,1.0,2.0
G00064,1.0,1.0,2.0
G00066,1.0,1.0,2.0
G00067,1.0,1.0,2.0
G00068,1.0,1.0,2.0
G00069,1.0,1.0,2.0
G00071,1.0,1.0,2.0
G00072,1.0,1.0,2.0
G00073,1.0,1.0,2.0
G00074,1.0,1.0,2.0
G00075,1.0,1.0,2.0
G00076,1.0,1.0,2.0
G00077,1.0,1.0,2.0
G00078,1.0,1.0,2.0
G00079,1.0,1.0,2.0
G00080,1.0,1.0,2.0
G00081,1.0,1.0,2.0
G00082,1.0,1.0,2.0
G00083,1.0,1.0,2.0
G00084,1.0,1.0,2.0
G00085,1.0,1.0,2.0
G00086,1.0,1.0,2.0
G00087,1.0,1.0,2.0
G00088,1.0,1.0,2.0
G00089,1.0,1.0,2.0
G00090,1.0,1.0,2.0
G00091,1.0,1.0,2.0
G00092,3.0,1.0,4.0
G00093,1.0,1.0,2.0
G00094,1.0,1.0,2.0
G00095,1.0,1.0,2.0
G00096,1.0,1.0,2.0
G00097,1.0,1.0,2.0
G00098,1.0,1.0,2.0
G00099,1.0,1.0,2.0
G00100,1.0,1.0,2.0
G00101,1.0,1.0,2.0
G00102,1.0,1.0,2.0
G00103,1.0,1.0,2.0
G00104,1.0,1.0,2.0
G00105,1.0,1.0,2.0
G00106,1.0,1.0,2.0
G00107,1.0,1.0,2.0
G00108,1.0,1.0,2.0
G00109,1.0,1.0,2.0
G00110,1.0,1.0,2.0
G00111,1.0,1.0,2.0
G00112,1.0,1.0,2.0
G00113,1.0,1.0,2.0
G00114,1.0,1.0,2.0
G00115,1.0,1.0,2.0
G00116,1.0,1.0,2.0
G00117,1.0,1.0,2.0
G00118,1.0,1.0,2.0
G00119,1.0,1.0,2.0
G00120,1.0,1.0,2.0
G00121,1.0,1.0,2.0
G00122,1.0,1.0,2.0
G00123,1.0,1.0,2.0
G00124,1.0,1.0,2.0
G00125,1.0,1.0,2.0
G00126,1.0,1.0,2.0
G00127,1.0,1.0,2.0
G00128,1.0,1.0,2.0
G00129,1.0,1.0,2.0
G00130,1.0,1.0,2.0
G00131,1.0,1.0,2.0
G00132,1.0,1.0,2.0
G00143,1.0,1.0,2.0
G00144,1.0,1.0,2.0
G00145,1.0,1.0,2.0
G00146,1.0,1.0,2.0
G00148,1.0,1.0,2.0
G00149,1.0,1.0,2.0
G00154,2.0,1.0,3.0
G00155,2.0,1.0,3.0
G00156,2.0,1.0,3.0
G00157,2.0,1.0,3.0
G00158,1.0,1.0,2.0
G00159,1.0,1.0,2.0
G00160,1.0,1.0,2.0
G00162,1.0,1.0,2.0
G00163,1.0,1.0,2.0
G00164,1.0,1.0,2.0
G00166,1.0,1.0,2.0
G00167,1.0,1.0,2.0
G00168,1.0,1.0,2.0
G00169,1.0,1.0,2.0
G00170,1.0,1.0,2.0
G00171,1.0,1.0,2.0
G00179,1.0,1.0,2.0
G00181,1.0,1.0,2.0
G00242,1.0,1.0,2.0
G00263,1.0,1.0,2.0
G00369,1.0,1.0,2.0
G00392,1.0,1.0,2.0
G00403,1.0,1.0,2.0
G00428,1.0,1.0,2.0
G00457,1.0,1.0,2.0
G00526,1.0,1.0,2.0
G00711,1.0,1.0,2.0
G00872,1.0,1.0,2.0
G00889,1.0,1.0,2.0
G01391,1.0,1.0,2.0
G01813,1.0,1.0,2.0
G01945,1.0,1.0,2.0
G01977,1.0,1.0,2.0
G02632,1.0,1.0,2.0
G02977,1.0,1.0,2.0
G05477,1.0,1.0,2.0
G09660,1.0,1.0,2.0
G10008,1.0,1.0,2.0
G10505,4.0,1.0,5.0
G10526,1.0,1.0,2.0
G10595,1.0,1.0,2.0
G10596,1.0,1.0,2.0
G10597,1.0,1.0,2.0
G10598,1.0,1.0,2.0
G10599,1.0,1.0,2.0
G10610,1.0,1.0,2.0
G10611,1.0,1.0,2.0
G10617,2.0,1.0,3.0
G10665,1.0,1.0,2.0
G10694,3.0,1.0,4.0
G10716,1.0,1.0,2.0
G10770,1.0,1.0,2.0
G10794,1.0,1.0,2.0
G10841,1.0,1.0,2.0
G10920,1.0,1.0,2.0
G11000,1.0,1.0,2.0
G11040,1.0,1.0,2.0
G11492,1.0,1.0,2.0
G11933,1.0,1.0,2.0
G12336,1.0,1.0,2.0
G12396,1.0,1.0,2.0
G12617,1.0,1.0,2.0
G12625,1.0,1.0,2.0
G12626,1.0,1.0,2.0
G13026,1.0,1.0,2.0
G13027,1.0,1.0,2.0
G13028,1.0,1.0,2.0
G13034,1.0,1.0,2.0
G13035,1.0,1.0,2.0
G13036,1.0,1.0,2.0
G13037,1.0,1.0,2.0
G13038,1.0,1.0,2.0
G13039,1.0,1.0,2.0
G13040,1.0,1.0,2.0
G13041,1.0,1.0,2.0
G13042,1.0,1.0,2.0
G13043,1.0,1.0,2.0
G13044,1.0,1.0,2.0
G13046,1.0,1.0,2.0
G13047,1.0,1.0,2.0
G13048,1.0,1.0,2.0
G13049,1.0,1.0,2.0
G13050,1.0,1.0,2.0
G13055,1.0,1.0,2.0
G13056,1.0,1.0,2.0
G13057,1.0,1.0,2.0
G13058,1.0,1.0,2.0
G13059,1.0,1.0,2.0
G13063,1.0,1.0,2.0
G13064,1.0,1.0,2.0
G13073,1.0,1.0,2.0
G13074,1.0,1.0,2.0
G13080,1.0,1.0,2.0
G13081,1.0,1.0,2.0
G13082,1.0,1.0,2.0
G13083,1.0,1.0,2.0
G13084,1.0,1.0,2.0
G13085,1.0,1.0,2.0
G13086,1.0,1.0,2.0
G13087,1.0,1.0,2.0
G13088,1.0,1.0,2.0
G13089,1.0,1.0,2.0
G13090,1.0,1.0,2.0
G13091,1.0,1.0,2.0
G13092,1.0,1.0,2.0
G13093,1.0,1.0,2.0
G13094,1.0,1.0,2.0
G13095,1.0,1.0,2.0
G13096,1.0,1.0,2.0
G13097,1.0,1.0,2.0
G13098,1.0,1.0,2.0
G13099,1.0,1.0,2.0
G13100,1.0,1.0,2.0
G13101,1.0,1.0,2.0
G13105,1.0,1.0,2.0
G13106,1.0,1.0,2.0
G13108,1.0,1.0,2.0
G13109,1.0,1.0,2.0
G13112,1.0,1.0,2.0
G13113,1.0,1.0,2.0
G13114,1.0,1.0,2.0
G13115,2.0,1.0,3.0
G13128,1.0,1.0,2.0
G13150,1.0,1.0,2.0
G13151,1.0,1.0,2.0
G13152,1.0,1.0,2.0
G13153,1.0,1.0,2.0
anamycin and gentamicin biosynthesis - Homo sapiens (human),1.0,1.0,2.0
ecretion and action - Homo sapiens (human),2.0,1.0,3.0
erine and threonine metabolism - Homo sapiens (human),1.0,1.0,2.0
eucine and isoleucine biosynthesis - Homo sapiens (human),1.0,1.0,2.0
eucine and isoleucine degradation - Homo sapiens (human),1.0,1.0,2.0
spartate and glutamate metabolism - Homo sapiens (human),1.0,1.0,2.0
yrosine and tryptophan biosynthesis - Homo sapiens (human),1.0,1.0,2.0
